valid_time,avg_snswrf,number,expver
1940-01-01 06:00:00,138.62105,0,0001
1940-02-01 06:00:00,133.67871,0,0001
1940-03-01 06:00:00,128.19026,0,0001
1940-04-01 06:00:00,126.10461,0,0001
1940-05-01 06:00:00,125.574585,0,0001
1940-06-01 06:00:00,127.43304,0,0001
1940-07-01 06:00:00,127.620926,0,0001
1940-08-01 06:00:00,127.16195,0,0001
1940-09-01 06:00:00,125.42969,0,0001
1940-10-01 06:00:00,127.22421,0,0001
1940-11-01 06:00:00,132.44075,0,0001
1940-12-01 06:00:00,138.65324,0,0001
1941-01-01 06:00:00,138.54645,0,0001
1941-02-01 06:00:00,134.098,0,0001
1941-03-01 06:00:00,128.90784,0,0001
1941-04-01 06:00:00,125.57694,0,0001
1941-05-01 06:00:00,125.443085,0,0001
1941-06-01 06:00:00,127.92514,0,0001
1941-07-01 06:00:00,127.97796,0,0001
1941-08-01 06:00:00,125.95122,0,0001
1941-09-01 06:00:00,125.42551,0,0001
1941-10-01 06:00:00,127.71802,0,0001
1941-11-01 06:00:00,132.63348,0,0001
1941-12-01 06:00:00,139.14148,0,0001
1942-01-01 06:00:00,139.05124,0,0001
1942-02-01 06:00:00,134.13445,0,0001
1942-03-01 06:00:00,129.47672,0,0001
1942-04-01 06:00:00,127.07807,0,0001
1942-05-01 06:00:00,125.25046,0,0001
1942-06-01 06:00:00,127.55874,0,0001
1942-07-01 06:00:00,128.07721,0,0001
1942-08-01 06:00:00,125.81414,0,0001
1942-09-01 06:00:00,126.21114,0,0001
1942-10-01 06:00:00,127.97165,0,0001
1942-11-01 06:00:00,133.19803,0,0001
1942-12-01 06:00:00,138.56342,0,0001
1943-01-01 06:00:00,138.94653,0,0001
1943-02-01 06:00:00,133.89226,0,0001
1943-03-01 06:00:00,128.71588,0,0001
1943-04-01 06:00:00,127.17095,0,0001
1943-05-01 06:00:00,126.16687,0,0001
1943-06-01 06:00:00,127.24397,0,0001
1943-07-01 06:00:00,128.17708,0,0001
1943-08-01 06:00:00,126.63726,0,0001
1943-09-01 06:00:00,125.20109,0,0001
1943-10-01 06:00:00,128.15974,0,0001
1943-11-01 06:00:00,132.72385,0,0001
1943-12-01 06:00:00,137.15135,0,0001
1944-01-01 06:00:00,138.09244,0,0001
1944-02-01 06:00:00,133.29753,0,0001
1944-03-01 06:00:00,128.88687,0,0001
1944-04-01 06:00:00,126.14314,0,0001
1944-05-01 06:00:00,125.97228,0,0001
1944-06-01 06:00:00,126.54776,0,0001
1944-07-01 06:00:00,126.00807,0,0001
1944-08-01 06:00:00,125.828255,0,0001
1944-09-01 06:00:00,124.70475,0,0001
1944-10-01 06:00:00,126.789604,0,0001
1944-11-01 06:00:00,131.44444,0,0001
1944-12-01 06:00:00,136.84724,0,0001
1945-01-01 06:00:00,138.06213,0,0001
1945-02-01 06:00:00,133.67152,0,0001
1945-03-01 06:00:00,128.8977,0,0001
1945-04-01 06:00:00,126.14242,0,0001
1945-05-01 06:00:00,125.48602,0,0001
1945-06-01 06:00:00,127.68974,0,0001
1945-07-01 06:00:00,128.24945,0,0001
1945-08-01 06:00:00,126.46764,0,0001
1945-09-01 06:00:00,124.83027,0,0001
1945-10-01 06:00:00,127.813805,0,0001
1945-11-01 06:00:00,131.88939,0,0001
1945-12-01 06:00:00,137.80402,0,0001
1946-01-01 06:00:00,137.92882,0,0001
1946-02-01 06:00:00,133.66338,0,0001
1946-03-01 06:00:00,129.13806,0,0001
1946-04-01 06:00:00,127.05705,0,0001
1946-05-01 06:00:00,125.52689,0,0001
1946-06-01 06:00:00,128.09941,0,0001
1946-07-01 06:00:00,128.5334,0,0001
1946-08-01 06:00:00,127.194534,0,0001
1946-09-01 06:00:00,125.72617,0,0001
1946-10-01 06:00:00,128.13167,0,0001
1946-11-01 06:00:00,131.63872,0,0001
1946-12-01 06:00:00,137.55896,0,0001
1947-01-01 06:00:00,138.13557,0,0001
1947-02-01 06:00:00,133.75401,0,0001
1947-03-01 06:00:00,129.0119,0,0001
1947-04-01 06:00:00,126.7443,0,0001
1947-05-01 06:00:00,125.74761,0,0001
1947-06-01 06:00:00,127.3932,0,0001
1947-07-01 06:00:00,127.83029,0,0001
1947-08-01 06:00:00,126.86805,0,0001
1947-09-01 06:00:00,125.420364,0,0001
1947-10-01 06:00:00,126.80702,0,0001
1947-11-01 06:00:00,131.59889,0,0001
1947-12-01 06:00:00,137.60674,0,0001
1948-01-01 06:00:00,138.2852,0,0001
1948-02-01 06:00:00,132.53485,0,0001
1948-03-01 06:00:00,128.52625,0,0001
1948-04-01 06:00:00,126.16047,0,0001
1948-05-01 06:00:00,125.533035,0,0001
1948-06-01 06:00:00,127.77681,0,0001
1948-07-01 06:00:00,128.36333,0,0001
1948-08-01 06:00:00,126.81038,0,0001
1948-09-01 06:00:00,126.0533,0,0001
1948-10-01 06:00:00,128.03476,0,0001
1948-11-01 06:00:00,132.5645,0,0001
1948-12-01 06:00:00,137.18974,0,0001
1949-01-01 06:00:00,137.00157,0,0001
1949-02-01 06:00:00,132.31857,0,0001
1949-03-01 06:00:00,127.90569,0,0001
1949-04-01 06:00:00,126.49294,0,0001
1949-05-01 06:00:00,124.82348,0,0001
1949-06-01 06:00:00,128.5975,0,0001
1949-07-01 06:00:00,127.82265,0,0001
1949-08-01 06:00:00,127.37447,0,0001
1949-09-01 06:00:00,126.70256,0,0001
1949-10-01 06:00:00,127.20885,0,0001
1949-11-01 06:00:00,132.4062,0,0001
1949-12-01 06:00:00,137.81274,0,0001
1950-01-01 06:00:00,137.47507,0,0001
1950-02-01 06:00:00,133.95268,0,0001
1950-03-01 06:00:00,129.35652,0,0001
1950-04-01 06:00:00,126.64784,0,0001
1950-05-01 06:00:00,126.07316,0,0001
1950-06-01 06:00:00,128.56163,0,0001
1950-07-01 06:00:00,128.82968,0,0001
1950-08-01 06:00:00,128.01274,0,0001
1950-09-01 06:00:00,126.208336,0,0001
1950-10-01 06:00:00,128.21371,0,0001
1950-11-01 06:00:00,132.20036,0,0001
1950-12-01 06:00:00,136.85326,0,0001
1951-01-01 06:00:00,136.87982,0,0001
1951-02-01 06:00:00,133.25537,0,0001
1951-03-01 06:00:00,127.57817,0,0001
1951-04-01 06:00:00,127.09544,0,0001
1951-05-01 06:00:00,125.864296,0,0001
1951-06-01 06:00:00,128.4794,0,0001
1951-07-01 06:00:00,128.98068,0,0001
1951-08-01 06:00:00,127.35378,0,0001
1951-09-01 06:00:00,126.68744,0,0001
1951-10-01 06:00:00,126.726204,0,0001
1951-11-01 06:00:00,131.78,0,0001
1951-12-01 06:00:00,136.66324,0,0001
1952-01-01 06:00:00,136.74426,0,0001
1952-02-01 06:00:00,132.65953,0,0001
1952-03-01 06:00:00,127.66087,0,0001
1952-04-01 06:00:00,126.22665,0,0001
1952-05-01 06:00:00,125.332275,0,0001
1952-06-01 06:00:00,127.69629,0,0001
1952-07-01 06:00:00,128.64479,0,0001
1952-08-01 06:00:00,126.81331,0,0001
1952-09-01 06:00:00,126.4096,0,0001
1952-10-01 06:00:00,127.75408,0,0001
1952-11-01 06:00:00,131.91396,0,0001
1952-12-01 06:00:00,136.2218,0,0001
1953-01-01 06:00:00,137.26797,0,0001
1953-02-01 06:00:00,131.81738,0,0001
1953-03-01 06:00:00,128.21098,0,0001
1953-04-01 06:00:00,126.26264,0,0001
1953-05-01 06:00:00,126.247345,0,0001
1953-06-01 06:00:00,128.52248,0,0001
1953-07-01 06:00:00,129.38452,0,0001
1953-08-01 06:00:00,127.51471,0,0001
1953-09-01 06:00:00,126.64066,0,0001
1953-10-01 06:00:00,127.7066,0,0001
1953-11-01 06:00:00,131.92915,0,0001
1953-12-01 06:00:00,136.35793,0,0001
1954-01-01 06:00:00,137.31639,0,0001
1954-02-01 06:00:00,133.64937,0,0001
1954-03-01 06:00:00,128.24513,0,0001
1954-04-01 06:00:00,125.59725,0,0001
1954-05-01 06:00:00,125.66389,0,0001
1954-06-01 06:00:00,128.6095,0,0001
1954-07-01 06:00:00,128.89827,0,0001
1954-08-01 06:00:00,126.85218,0,0001
1954-09-01 06:00:00,126.23179,0,0001
1954-10-01 06:00:00,127.68955,0,0001
1954-11-01 06:00:00,132.5192,0,0001
1954-12-01 06:00:00,137.97945,0,0001
1955-01-01 06:00:00,137.32323,0,0001
1955-02-01 06:00:00,132.44893,0,0001
1955-03-01 06:00:00,128.68459,0,0001
1955-04-01 06:00:00,126.16691,0,0001
1955-05-01 06:00:00,126.03569,0,0001
1955-06-01 06:00:00,128.91495,0,0001
1955-07-01 06:00:00,129.4165,0,0001
1955-08-01 06:00:00,127.70983,0,0001
1955-09-01 06:00:00,125.89015,0,0001
1955-10-01 06:00:00,127.173744,0,0001
1955-11-01 06:00:00,132.01382,0,0001
1955-12-01 06:00:00,137.48775,0,0001
1956-01-01 06:00:00,137.15446,0,0001
1956-02-01 06:00:00,133.80801,0,0001
1956-03-01 06:00:00,128.176,0,0001
1956-04-01 06:00:00,126.35692,0,0001
1956-05-01 06:00:00,126.04488,0,0001
1956-06-01 06:00:00,129.53058,0,0001
1956-07-01 06:00:00,130.23436,0,0001
1956-08-01 06:00:00,127.682396,0,0001
1956-09-01 06:00:00,126.866806,0,0001
1956-10-01 06:00:00,127.387985,0,0001
1956-11-01 06:00:00,132.17317,0,0001
1956-12-01 06:00:00,137.30104,0,0001
1957-01-01 06:00:00,137.76672,0,0001
1957-02-01 06:00:00,132.86823,0,0001
1957-03-01 06:00:00,127.898094,0,0001
1957-04-01 06:00:00,126.38357,0,0001
1957-05-01 06:00:00,125.686554,0,0001
1957-06-01 06:00:00,129.71683,0,0001
1957-07-01 06:00:00,129.704,0,0001
1957-08-01 06:00:00,128.50847,0,0001
1957-09-01 06:00:00,125.808624,0,0001
1957-10-01 06:00:00,127.07893,0,0001
1957-11-01 06:00:00,131.01784,0,0001
1957-12-01 06:00:00,137.04515,0,0001
1958-01-01 06:00:00,136.71179,0,0001
1958-02-01 06:00:00,132.64088,0,0001
1958-03-01 06:00:00,128.20737,0,0001
1958-04-01 06:00:00,127.07911,0,0001
1958-05-01 06:00:00,126.089294,0,0001
1958-06-01 06:00:00,129.03717,0,0001
1958-07-01 06:00:00,129.68204,0,0001
1958-08-01 06:00:00,127.7019,0,0001
1958-09-01 06:00:00,126.17037,0,0001
1958-10-01 06:00:00,127.13988,0,0001
1958-11-01 06:00:00,131.32935,0,0001
1958-12-01 06:00:00,137.66606,0,0001
1959-01-01 06:00:00,137.5415,0,0001
1959-02-01 06:00:00,132.86697,0,0001
1959-03-01 06:00:00,128.32034,0,0001
1959-04-01 06:00:00,125.81829,0,0001
1959-05-01 06:00:00,125.68543,0,0001
1959-06-01 06:00:00,129.71439,0,0001
1959-07-01 06:00:00,129.52916,0,0001
1959-08-01 06:00:00,127.365,0,0001
1959-09-01 06:00:00,126.69113,0,0001
1959-10-01 06:00:00,127.24289,0,0001
1959-11-01 06:00:00,131.48454,0,0001
1959-12-01 06:00:00,136.192,0,0001
1960-01-01 06:00:00,136.78912,0,0001
1960-02-01 06:00:00,133.22351,0,0001
1960-03-01 06:00:00,128.13159,0,0001
1960-04-01 06:00:00,126.82081,0,0001
1960-05-01 06:00:00,126.474,0,0001
1960-06-01 06:00:00,129.5236,0,0001
1960-07-01 06:00:00,129.61235,0,0001
1960-08-01 06:00:00,126.933014,0,0001
1960-09-01 06:00:00,125.88083,0,0001
1960-10-01 06:00:00,127.22547,0,0001
1960-11-01 06:00:00,131.90341,0,0001
1960-12-01 06:00:00,137.2865,0,0001
1961-01-01 06:00:00,136.8614,0,0001
1961-02-01 06:00:00,133.68214,0,0001
1961-03-01 06:00:00,128.59381,0,0001
1961-04-01 06:00:00,125.70296,0,0001
1961-05-01 06:00:00,125.86354,0,0001
1961-06-01 06:00:00,129.46077,0,0001
1961-07-01 06:00:00,129.32045,0,0001
1961-08-01 06:00:00,126.88591,0,0001
1961-09-01 06:00:00,125.7665,0,0001
1961-10-01 06:00:00,127.01802,0,0001
1961-11-01 06:00:00,131.39076,0,0001
1961-12-01 06:00:00,136.8143,0,0001
1962-01-01 06:00:00,137.14314,0,0001
1962-02-01 06:00:00,133.43373,0,0001
1962-03-01 06:00:00,128.41156,0,0001
1962-04-01 06:00:00,126.59492,0,0001
1962-05-01 06:00:00,125.704926,0,0001
1962-06-01 06:00:00,129.10695,0,0001
1962-07-01 06:00:00,130.2422,0,0001
1962-08-01 06:00:00,128.53902,0,0001
1962-09-01 06:00:00,126.19661,0,0001
1962-10-01 06:00:00,127.11902,0,0001
1962-11-01 06:00:00,131.20914,0,0001
1962-12-01 06:00:00,136.82837,0,0001
1963-01-01 06:00:00,136.61185,0,0001
1963-02-01 06:00:00,133.32666,0,0001
1963-03-01 06:00:00,128.2618,0,0001
1963-04-01 06:00:00,125.79942,0,0001
1963-05-01 06:00:00,125.34561,0,0001
1963-06-01 06:00:00,128.50453,0,0001
1963-07-01 06:00:00,128.52315,0,0001
1963-08-01 06:00:00,126.70111,0,0001
1963-09-01 06:00:00,124.54592,0,0001
1963-10-01 06:00:00,126.14893,0,0001
1963-11-01 06:00:00,130.1513,0,0001
1963-12-01 06:00:00,134.58217,0,0001
1964-01-01 06:00:00,135.14546,0,0001
1964-02-01 06:00:00,131.05263,0,0001
1964-03-01 06:00:00,126.483055,0,0001
1964-04-01 06:00:00,124.869095,0,0001
1964-05-01 06:00:00,124.905815,0,0001
1964-06-01 06:00:00,128.28992,0,0001
1964-07-01 06:00:00,128.66106,0,0001
1964-08-01 06:00:00,125.32907,0,0001
1964-09-01 06:00:00,124.301216,0,0001
1964-10-01 06:00:00,126.11142,0,0001
1964-11-01 06:00:00,130.6121,0,0001
1964-12-01 06:00:00,135.87036,0,0001
1965-01-01 06:00:00,136.40479,0,0001
1965-02-01 06:00:00,132.3505,0,0001
1965-03-01 06:00:00,127.36962,0,0001
1965-04-01 06:00:00,125.69733,0,0001
1965-05-01 06:00:00,125.44343,0,0001
1965-06-01 06:00:00,127.90862,0,0001
1965-07-01 06:00:00,128.89369,0,0001
1965-08-01 06:00:00,126.793335,0,0001
1965-09-01 06:00:00,124.79077,0,0001
1965-10-01 06:00:00,126.53218,0,0001
1965-11-01 06:00:00,130.70538,0,0001
1965-12-01 06:00:00,136.15683,0,0001
1966-01-01 06:00:00,136.90656,0,0001
1966-02-01 06:00:00,131.25693,0,0001
1966-03-01 06:00:00,127.97318,0,0001
1966-04-01 06:00:00,125.45751,0,0001
1966-05-01 06:00:00,126.06194,0,0001
1966-06-01 06:00:00,128.88562,0,0001
1966-07-01 06:00:00,128.02332,0,0001
1966-08-01 06:00:00,126.72991,0,0001
1966-09-01 06:00:00,125.933136,0,0001
1966-10-01 06:00:00,126.34603,0,0001
1966-11-01 06:00:00,130.6931,0,0001
1966-12-01 06:00:00,136.82166,0,0001
1967-01-01 06:00:00,137.0646,0,0001
1967-02-01 06:00:00,132.23334,0,0001
1967-03-01 06:00:00,127.77582,0,0001
1967-04-01 06:00:00,125.54365,0,0001
1967-05-01 06:00:00,125.667046,0,0001
1967-06-01 06:00:00,127.99394,0,0001
1967-07-01 06:00:00,128.5173,0,0001
1967-08-01 06:00:00,126.65588,0,0001
1967-09-01 06:00:00,125.65182,0,0001
1967-10-01 06:00:00,126.4715,0,0001
1967-11-01 06:00:00,131.74748,0,0001
1967-12-01 06:00:00,136.03949,0,0001
1968-01-01 06:00:00,136.07631,0,0001
1968-02-01 06:00:00,131.48334,0,0001
1968-03-01 06:00:00,127.51702,0,0001
1968-04-01 06:00:00,126.1224,0,0001
1968-05-01 06:00:00,125.54132,0,0001
1968-06-01 06:00:00,128.792,0,0001
1968-07-01 06:00:00,127.89199,0,0001
1968-08-01 06:00:00,127.03578,0,0001
1968-09-01 06:00:00,125.790016,0,0001
1968-10-01 06:00:00,126.80859,0,0001
1968-11-01 06:00:00,130.73494,0,0001
1968-12-01 06:00:00,137.06749,0,0001
1969-01-01 06:00:00,136.73868,0,0001
1969-02-01 06:00:00,131.29407,0,0001
1969-03-01 06:00:00,126.51347,0,0001
1969-04-01 06:00:00,124.93931,0,0001
1969-05-01 06:00:00,124.19733,0,0001
1969-06-01 06:00:00,126.487434,0,0001
1969-07-01 06:00:00,128.644,0,0001
1969-08-01 06:00:00,126.26274,0,0001
1969-09-01 06:00:00,124.60434,0,0001
1969-10-01 06:00:00,127.05812,0,0001
1969-11-01 06:00:00,131.76164,0,0001
1969-12-01 06:00:00,136.67903,0,0001
1970-01-01 06:00:00,137.45456,0,0001
1970-02-01 06:00:00,132.65097,0,0001
1970-03-01 06:00:00,127.76546,0,0001
1970-04-01 06:00:00,126.13325,0,0001
1970-05-01 06:00:00,124.78203,0,0001
1970-06-01 06:00:00,127.80532,0,0001
1970-07-01 06:00:00,128.398,0,0001
1970-08-01 06:00:00,125.76196,0,0001
1970-09-01 06:00:00,125.234566,0,0001
1970-10-01 06:00:00,126.90964,0,0001
1970-11-01 06:00:00,132.18317,0,0001
1970-12-01 06:00:00,136.75777,0,0001
1971-01-01 06:00:00,137.23149,0,0001
1971-02-01 06:00:00,132.36346,0,0001
1971-03-01 06:00:00,127.50434,0,0001
1971-04-01 06:00:00,125.74288,0,0001
1971-05-01 06:00:00,125.18891,0,0001
1971-06-01 06:00:00,127.93545,0,0001
1971-07-01 06:00:00,128.02246,0,0001
1971-08-01 06:00:00,126.66315,0,0001
1971-09-01 06:00:00,125.30379,0,0001
1971-10-01 06:00:00,127.74819,0,0001
1971-11-01 06:00:00,131.30597,0,0001
1971-12-01 06:00:00,136.3687,0,0001
1972-01-01 06:00:00,138.24062,0,0001
1972-02-01 06:00:00,132.42601,0,0001
1972-03-01 06:00:00,128.0517,0,0001
1972-04-01 06:00:00,125.35049,0,0001
1972-05-01 06:00:00,125.03455,0,0001
1972-06-01 06:00:00,127.772675,0,0001
1972-07-01 06:00:00,127.62411,0,0001
1972-08-01 06:00:00,126.47269,0,0001
1972-09-01 06:00:00,124.54171,0,0001
1972-10-01 06:00:00,126.17193,0,0001
1972-11-01 06:00:00,130.99277,0,0001
1972-12-01 06:00:00,136.90587,0,0001
1973-01-01 06:00:00,136.30786,0,0001
1973-02-01 06:00:00,131.47203,0,0001
1973-03-01 06:00:00,125.55901,0,0001
1973-04-01 06:00:00,124.49944,0,0001
1973-05-01 06:00:00,125.49357,0,0001
1973-06-01 06:00:00,127.83507,0,0001
1973-07-01 06:00:00,128.20398,0,0001
1973-08-01 06:00:00,125.82127,0,0001
1973-09-01 06:00:00,124.73476,0,0001
1973-10-01 06:00:00,126.33456,0,0001
1973-11-01 06:00:00,130.82722,0,0001
1973-12-01 06:00:00,136.13403,0,0001
1974-01-01 06:00:00,137.34525,0,0001
1974-02-01 06:00:00,132.46552,0,0001
1974-03-01 06:00:00,126.84395,0,0001
1974-04-01 06:00:00,125.431725,0,0001
1974-05-01 06:00:00,124.864685,0,0001
1974-06-01 06:00:00,128.88683,0,0001
1974-07-01 06:00:00,128.22113,0,0001
1974-08-01 06:00:00,126.65321,0,0001
1974-09-01 06:00:00,124.78713,0,0001
1974-10-01 06:00:00,127.08867,0,0001
1974-11-01 06:00:00,131.70161,0,0001
1974-12-01 06:00:00,136.19704,0,0001
1975-01-01 06:00:00,137.44972,0,0001
1975-02-01 06:00:00,132.4312,0,0001
1975-03-01 06:00:00,126.76804,0,0001
1975-04-01 06:00:00,123.73594,0,0001
1975-05-01 06:00:00,124.86511,0,0001
1975-06-01 06:00:00,127.5936,0,0001
1975-07-01 06:00:00,128.8748,0,0001
1975-08-01 06:00:00,126.08904,0,0001
1975-09-01 06:00:00,124.62531,0,0001
1975-10-01 06:00:00,126.29447,0,0001
1975-11-01 06:00:00,132.11389,0,0001
1975-12-01 06:00:00,137.48996,0,0001
1976-01-01 06:00:00,138.3028,0,0001
1976-02-01 06:00:00,132.85591,0,0001
1976-03-01 06:00:00,126.71769,0,0001
1976-04-01 06:00:00,125.261375,0,0001
1976-05-01 06:00:00,124.85641,0,0001
1976-06-01 06:00:00,128.6743,0,0001
1976-07-01 06:00:00,129.09317,0,0001
1976-08-01 06:00:00,127.21774,0,0001
1976-09-01 06:00:00,126.07731,0,0001
1976-10-01 06:00:00,127.69814,0,0001
1976-11-01 06:00:00,132.58246,0,0001
1976-12-01 06:00:00,138.81705,0,0001
1977-01-01 06:00:00,136.94038,0,0001
1977-02-01 06:00:00,133.33519,0,0001
1977-03-01 06:00:00,127.00337,0,0001
1977-04-01 06:00:00,125.94576,0,0001
1977-05-01 06:00:00,125.04945,0,0001
1977-06-01 06:00:00,129.10599,0,0001
1977-07-01 06:00:00,128.10681,0,0001
1977-08-01 06:00:00,125.991325,0,0001
1977-09-01 06:00:00,125.84653,0,0001
1977-10-01 06:00:00,127.30807,0,0001
1977-11-01 06:00:00,131.37537,0,0001
1977-12-01 06:00:00,137.35646,0,0001
1978-01-01 06:00:00,137.37451,0,0001
1978-02-01 06:00:00,132.50053,0,0001
1978-03-01 06:00:00,127.69011,0,0001
1978-04-01 06:00:00,125.887856,0,0001
1978-05-01 06:00:00,124.59318,0,0001
1978-06-01 06:00:00,127.78252,0,0001
1978-07-01 06:00:00,127.4831,0,0001
1978-08-01 06:00:00,126.17274,0,0001
1978-09-01 06:00:00,125.10015,0,0001
1978-10-01 06:00:00,126.892914,0,0001
1978-11-01 06:00:00,132.26057,0,0001
1978-12-01 06:00:00,136.98402,0,0001
1979-01-01 06:00:00,136.78821,0,0001
1979-02-01 06:00:00,131.89395,0,0001
1979-03-01 06:00:00,127.246414,0,0001
1979-04-01 06:00:00,125.40392,0,0001
1979-05-01 06:00:00,125.54019,0,0001
1979-06-01 06:00:00,128.5486,0,0001
1979-07-01 06:00:00,128.90335,0,0001
1979-08-01 06:00:00,126.27772,0,0001
1979-09-01 06:00:00,125.12406,0,0001
1979-10-01 06:00:00,126.65377,0,0001
1979-11-01 06:00:00,131.29112,0,0001
1979-12-01 06:00:00,137.62498,0,0001
1980-01-01 06:00:00,136.875,0,0001
1980-02-01 06:00:00,132.30841,0,0001
1980-03-01 06:00:00,127.38923,0,0001
1980-04-01 06:00:00,126.07984,0,0001
1980-05-01 06:00:00,125.20673,0,0001
1980-06-01 06:00:00,129.21327,0,0001
1980-07-01 06:00:00,128.1383,0,0001
1980-08-01 06:00:00,126.536514,0,0001
1980-09-01 06:00:00,125.21575,0,0001
1980-10-01 06:00:00,126.83718,0,0001
1980-11-01 06:00:00,131.23982,0,0001
1980-12-01 06:00:00,138.23782,0,0001
1981-01-01 06:00:00,137.27066,0,0001
1981-02-01 06:00:00,131.23204,0,0001
1981-03-01 06:00:00,127.95579,0,0001
1981-04-01 06:00:00,125.62754,0,0001
1981-05-01 06:00:00,125.87117,0,0001
1981-06-01 06:00:00,128.92474,0,0001
1981-07-01 06:00:00,128.45178,0,0001
1981-08-01 06:00:00,126.80427,0,0001
1981-09-01 06:00:00,125.528564,0,0001
1981-10-01 06:00:00,127.232445,0,0001
1981-11-01 06:00:00,130.70041,0,0001
1981-12-01 06:00:00,136.19807,0,0001
1982-01-01 06:00:00,137.06425,0,0001
1982-02-01 06:00:00,132.35916,0,0001
1982-03-01 06:00:00,126.40915,0,0001
1982-04-01 06:00:00,124.74514,0,0001
1982-05-01 06:00:00,124.463554,0,0001
1982-06-01 06:00:00,127.18467,0,0001
1982-07-01 06:00:00,128.93936,0,0001
1982-08-01 06:00:00,125.08091,0,0001
1982-09-01 06:00:00,124.01524,0,0001
1982-10-01 06:00:00,125.464455,0,0001
1982-11-01 06:00:00,129.88196,0,0001
1982-12-01 06:00:00,136.05911,0,0001
1983-01-01 06:00:00,135.95195,0,0001
1983-02-01 06:00:00,131.80748,0,0001
1983-03-01 06:00:00,125.98044,0,0001
1983-04-01 06:00:00,124.44549,0,0001
1983-05-01 06:00:00,123.749565,0,0001
1983-06-01 06:00:00,128.61395,0,0001
1983-07-01 06:00:00,127.01304,0,0001
1983-08-01 06:00:00,124.79379,0,0001
1983-09-01 06:00:00,124.1141,0,0001
1983-10-01 06:00:00,126.26495,0,0001
1983-11-01 06:00:00,130.97829,0,0001
1983-12-01 06:00:00,137.7802,0,0001
1984-01-01 06:00:00,137.35211,0,0001
1984-02-01 06:00:00,132.49364,0,0001
1984-03-01 06:00:00,127.169014,0,0001
1984-04-01 06:00:00,125.87371,0,0001
1984-05-01 06:00:00,125.88711,0,0001
1984-06-01 06:00:00,128.70546,0,0001
1984-07-01 06:00:00,128.55159,0,0001
1984-08-01 06:00:00,126.511406,0,0001
1984-09-01 06:00:00,125.3983,0,0001
1984-10-01 06:00:00,126.33143,0,0001
1984-11-01 06:00:00,131.23123,0,0001
1984-12-01 06:00:00,136.18195,0,0001
1985-01-01 06:00:00,137.73671,0,0001
1985-02-01 06:00:00,131.98541,0,0001
1985-03-01 06:00:00,126.65516,0,0001
1985-04-01 06:00:00,125.35957,0,0001
1985-05-01 06:00:00,125.55221,0,0001
1985-06-01 06:00:00,129.81262,0,0001
1985-07-01 06:00:00,129.05075,0,0001
1985-08-01 06:00:00,126.83767,0,0001
1985-09-01 06:00:00,124.81488,0,0001
1985-10-01 06:00:00,126.728935,0,0001
1985-11-01 06:00:00,130.4615,0,0001
1985-12-01 06:00:00,136.38689,0,0001
1986-01-01 06:00:00,136.73756,0,0001
1986-02-01 06:00:00,132.8214,0,0001
1986-03-01 06:00:00,127.55077,0,0001
1986-04-01 06:00:00,125.705025,0,0001
1986-05-01 06:00:00,125.414116,0,0001
1986-06-01 06:00:00,128.5774,0,0001
1986-07-01 06:00:00,128.34021,0,0001
1986-08-01 06:00:00,126.325195,0,0001
1986-09-01 06:00:00,125.13092,0,0001
1986-10-01 06:00:00,126.667274,0,0001
1986-11-01 06:00:00,130.57458,0,0001
1986-12-01 06:00:00,136.57188,0,0001
1987-01-01 06:00:00,137.62656,0,0001
1987-02-01 06:00:00,132.03319,0,0001
1987-03-01 06:00:00,127.46728,0,0001
1987-04-01 06:00:00,125.91173,0,0001
1987-05-01 06:00:00,125.62489,0,0001
1987-06-01 06:00:00,127.48827,0,0001
1987-07-01 06:00:00,128.42767,0,0001
1987-08-01 06:00:00,126.03323,0,0001
1987-09-01 06:00:00,125.54363,0,0001
1987-10-01 06:00:00,127.01671,0,0001
1987-11-01 06:00:00,131.79874,0,0001
1987-12-01 06:00:00,136.2738,0,0001
1988-01-01 06:00:00,136.97461,0,0001
1988-02-01 06:00:00,132.65019,0,0001
1988-03-01 06:00:00,127.31596,0,0001
1988-04-01 06:00:00,125.71981,0,0001
1988-05-01 06:00:00,125.399254,0,0001
1988-06-01 06:00:00,128.80621,0,0001
1988-07-01 06:00:00,128.75928,0,0001
1988-08-01 06:00:00,125.9866,0,0001
1988-09-01 06:00:00,124.49485,0,0001
1988-10-01 06:00:00,127.443,0,0001
1988-11-01 06:00:00,130.8507,0,0001
1988-12-01 06:00:00,136.16893,0,0001
1989-01-01 06:00:00,137.66293,0,0001
1989-02-01 06:00:00,132.14705,0,0001
1989-03-01 06:00:00,128.09958,0,0001
1989-04-01 06:00:00,126.13058,0,0001
1989-05-01 06:00:00,125.58144,0,0001
1989-06-01 06:00:00,129.83957,0,0001
1989-07-01 06:00:00,129.01859,0,0001
1989-08-01 06:00:00,126.707306,0,0001
1989-09-01 06:00:00,125.79461,0,0001
1989-10-01 06:00:00,126.970924,0,0001
1989-11-01 06:00:00,131.15305,0,0001
1989-12-01 06:00:00,136.64806,0,0001
1990-01-01 06:00:00,135.21992,0,0001
1990-02-01 06:00:00,132.42989,0,0001
1990-03-01 06:00:00,127.07395,0,0001
1990-04-01 06:00:00,125.50269,0,0001
1990-05-01 06:00:00,126.34917,0,0001
1990-06-01 06:00:00,129.4088,0,0001
1990-07-01 06:00:00,129.53583,0,0001
1990-08-01 06:00:00,127.06857,0,0001
1990-09-01 06:00:00,125.75346,0,0001
1990-10-01 06:00:00,127.82617,0,0001
1990-11-01 06:00:00,131.69597,0,0001
1990-12-01 06:00:00,137.14781,0,0001
1991-01-01 06:00:00,137.11137,0,0001
1991-02-01 06:00:00,132.81578,0,0001
1991-03-01 06:00:00,127.07292,0,0001
1991-04-01 06:00:00,126.98131,0,0001
1991-05-01 06:00:00,125.86745,0,0001
1991-06-01 06:00:00,128.56471,0,0001
1991-07-01 06:00:00,129.64764,0,0001
1991-08-01 06:00:00,125.71962,0,0001
1991-09-01 06:00:00,124.51221,0,0001
1991-10-01 06:00:00,125.55783,0,0001
1991-11-01 06:00:00,130.0527,0,0001
1991-12-01 06:00:00,134.67393,0,0001
1992-01-01 06:00:00,134.53336,0,0001
1992-02-01 06:00:00,130.66351,0,0001
1992-03-01 06:00:00,125.612946,0,0001
1992-04-01 06:00:00,124.13049,0,0001
1992-05-01 06:00:00,124.863396,0,0001
1992-06-01 06:00:00,127.452515,0,0001
1992-07-01 06:00:00,127.54699,0,0001
1992-08-01 06:00:00,125.58637,0,0001
1992-09-01 06:00:00,123.60921,0,0001
1992-10-01 06:00:00,125.457214,0,0001
1992-11-01 06:00:00,129.59076,0,0001
1992-12-01 06:00:00,136.05986,0,0001
1993-01-01 06:00:00,137.22482,0,0001
1993-02-01 06:00:00,132.01587,0,0001
1993-03-01 06:00:00,128.06357,0,0001
1993-04-01 06:00:00,125.96602,0,0001
1993-05-01 06:00:00,124.93004,0,0001
1993-06-01 06:00:00,128.79945,0,0001
1993-07-01 06:00:00,127.68816,0,0001
1993-08-01 06:00:00,125.947845,0,0001
1993-09-01 06:00:00,125.036575,0,0001
1993-10-01 06:00:00,126.39079,0,0001
1993-11-01 06:00:00,130.70996,0,0001
1993-12-01 06:00:00,136.50171,0,0001
1994-01-01 06:00:00,137.51155,0,0001
1994-02-01 06:00:00,131.62973,0,0001
1994-03-01 06:00:00,127.54895,0,0001
1994-04-01 06:00:00,126.59115,0,0001
1994-05-01 06:00:00,126.2703,0,0001
1994-06-01 06:00:00,129.73158,0,0001
1994-07-01 06:00:00,129.65306,0,0001
1994-08-01 06:00:00,127.078094,0,0001
1994-09-01 06:00:00,125.80797,0,0001
1994-10-01 06:00:00,127.60692,0,0001
1994-11-01 06:00:00,131.61577,0,0001
1994-12-01 06:00:00,137.012,0,0001
1995-01-01 06:00:00,137.7529,0,0001
1995-02-01 06:00:00,132.9878,0,0001
1995-03-01 06:00:00,127.63878,0,0001
1995-04-01 06:00:00,125.9067,0,0001
1995-05-01 06:00:00,126.0351,0,0001
1995-06-01 06:00:00,130.43169,0,0001
1995-07-01 06:00:00,128.81285,0,0001
1995-08-01 06:00:00,126.87564,0,0001
1995-09-01 06:00:00,124.810616,0,0001
1995-10-01 06:00:00,126.90843,0,0001
1995-11-01 06:00:00,131.40958,0,0001
1995-12-01 06:00:00,136.29697,0,0001
1996-01-01 06:00:00,136.95166,0,0001
1996-02-01 06:00:00,132.38622,0,0001
1996-03-01 06:00:00,126.828224,0,0001
1996-04-01 06:00:00,126.03469,0,0001
1996-05-01 06:00:00,125.60705,0,0001
1996-06-01 06:00:00,129.06223,0,0001
1996-07-01 06:00:00,129.64717,0,0001
1996-08-01 06:00:00,126.82999,0,0001
1996-09-01 06:00:00,124.80694,0,0001
1996-10-01 06:00:00,126.65623,0,0001
1996-11-01 06:00:00,132.04576,0,0001
1996-12-01 06:00:00,137.50462,0,0001
1997-01-01 06:00:00,137.25558,0,0001
1997-02-01 06:00:00,132.51389,0,0001
1997-03-01 06:00:00,127.81759,0,0001
1997-04-01 06:00:00,126.262276,0,0001
1997-05-01 06:00:00,126.1087,0,0001
1997-06-01 06:00:00,129.89413,0,0001
1997-07-01 06:00:00,128.60153,0,0001
1997-08-01 06:00:00,127.62058,0,0001
1997-09-01 06:00:00,126.02151,0,0001
1997-10-01 06:00:00,126.61551,0,0001
1997-11-01 06:00:00,131.6332,0,0001
1997-12-01 06:00:00,137.00026,0,0001
1998-01-01 06:00:00,136.59657,0,0001
1998-02-01 06:00:00,132.06102,0,0001
1998-03-01 06:00:00,126.75529,0,0001
1998-04-01 06:00:00,125.26089,0,0001
1998-05-01 06:00:00,125.578186,0,0001
1998-06-01 06:00:00,129.11638,0,0001
1998-07-01 06:00:00,129.40065,0,0001
1998-08-01 06:00:00,126.04099,0,0001
1998-09-01 06:00:00,124.24517,0,0001
1998-10-01 06:00:00,126.627495,0,0001
1998-11-01 06:00:00,130.78427,0,0001
1998-12-01 06:00:00,136.20601,0,0001
1999-01-01 06:00:00,138.53754,0,0001
1999-02-01 06:00:00,132.68614,0,0001
1999-03-01 06:00:00,128.25537,0,0001
1999-04-01 06:00:00,126.044426,0,0001
1999-05-01 06:00:00,125.875435,0,0001
1999-06-01 06:00:00,130.19894,0,0001
1999-07-01 06:00:00,128.88861,0,0001
1999-08-01 06:00:00,126.69792,0,0001
1999-09-01 06:00:00,125.454346,0,0001
1999-10-01 06:00:00,126.7776,0,0001
1999-11-01 06:00:00,131.43501,0,0001
1999-12-01 06:00:00,136.85262,0,0001
2000-01-01 06:00:00,137.89574,0,0001
2000-02-01 06:00:00,133.24089,0,0001
2000-03-01 06:00:00,128.31715,0,0001
2000-04-01 06:00:00,126.283394,0,0001
2000-05-01 06:00:00,125.878685,0,0001
2000-06-01 06:00:00,130.01772,0,0001
2000-07-01 06:00:00,129.84895,0,0001
2000-08-01 06:00:00,127.473625,0,0001
2000-09-01 06:00:00,125.402626,0,0001
2000-10-01 06:00:00,126.271614,0,0001
2000-11-01 06:00:00,131.05247,0,0001
2000-12-01 06:00:00,137.37553,0,0001
2001-01-01 06:00:00,137.93282,0,0001
2001-02-01 06:00:00,132.31937,0,0001
2001-03-01 06:00:00,127.76846,0,0001
2001-04-01 06:00:00,125.486275,0,0001
2001-05-01 06:00:00,125.70339,0,0001
2001-06-01 06:00:00,130.68259,0,0001
2001-07-01 06:00:00,129.67815,0,0001
2001-08-01 06:00:00,126.49201,0,0001
2001-09-01 06:00:00,125.237785,0,0001
2001-10-01 06:00:00,125.861786,0,0001
2001-11-01 06:00:00,131.48625,0,0001
2001-12-01 06:00:00,136.3496,0,0001
2002-01-01 06:00:00,136.55016,0,0001
2002-02-01 06:00:00,131.86575,0,0001
2002-03-01 06:00:00,127.66524,0,0001
2002-04-01 06:00:00,125.34091,0,0001
2002-05-01 06:00:00,126.18028,0,0001
2002-06-01 06:00:00,129.85443,0,0001
2002-07-01 06:00:00,129.91885,0,0001
2002-08-01 06:00:00,125.75108,0,0001
2002-09-01 06:00:00,125.78605,0,0001
2002-10-01 06:00:00,127.28271,0,0001
2002-11-01 06:00:00,131.00548,0,0001
2002-12-01 06:00:00,135.71094,0,0001
2003-01-01 06:00:00,136.60626,0,0001
2003-02-01 06:00:00,132.1669,0,0001
2003-03-01 06:00:00,127.73847,0,0001
2003-04-01 06:00:00,125.533646,0,0001
2003-05-01 06:00:00,126.141914,0,0001
2003-06-01 06:00:00,129.58087,0,0001
2003-07-01 06:00:00,129.8563,0,0001
2003-08-01 06:00:00,127.154366,0,0001
2003-09-01 06:00:00,125.52061,0,0001
2003-10-01 06:00:00,127.00965,0,0001
2003-11-01 06:00:00,131.03847,0,0001
2003-12-01 06:00:00,136.43945,0,0001
2004-01-01 06:00:00,136.54858,0,0001
2004-02-01 06:00:00,132.85149,0,0001
2004-03-01 06:00:00,127.015686,0,0001
2004-04-01 06:00:00,126.302574,0,0001
2004-05-01 06:00:00,124.97304,0,0001
2004-06-01 06:00:00,128.97514,0,0001
2004-07-01 06:00:00,129.60062,0,0001
2004-08-01 06:00:00,126.114586,0,0001
2004-09-01 06:00:00,125.48542,0,0001
2004-10-01 06:00:00,127.14007,0,0001
2004-11-01 06:00:00,131.79793,0,0001
2004-12-01 06:00:00,137.3316,0,0001
2005-01-01 06:00:00,136.87994,0,0001
2005-02-01 06:00:00,132.0118,0,0001
2005-03-01 06:00:00,127.43164,0,0001
2005-04-01 06:00:00,126.10006,0,0001
2005-05-01 06:00:00,126.977036,0,0001
2005-06-01 06:00:00,128.59402,0,0001
2005-07-01 06:00:00,129.47957,0,0001
2005-08-01 06:00:00,126.41887,0,0001
2005-09-01 06:00:00,125.36733,0,0001
2005-10-01 06:00:00,126.635506,0,0001
2005-11-01 06:00:00,131.54886,0,0001
2005-12-01 06:00:00,137.49997,0,0001
2006-01-01 06:00:00,136.95949,0,0001
2006-02-01 06:00:00,132.32977,0,0001
2006-03-01 06:00:00,127.65825,0,0001
2006-04-01 06:00:00,125.74312,0,0001
2006-05-01 06:00:00,127.26325,0,0001
2006-06-01 06:00:00,130.7409,0,0001
2006-07-01 06:00:00,129.0088,0,0001
2006-08-01 06:00:00,127.079445,0,0001
2006-09-01 06:00:00,125.839424,0,0001
2006-10-01 06:00:00,126.33176,0,0001
2006-11-01 06:00:00,132.0492,0,0001
2006-12-01 06:00:00,137.44415,0,0001
2007-01-01 06:00:00,137.00601,0,0001
2007-02-01 06:00:00,132.66982,0,0001
2007-03-01 06:00:00,127.488556,0,0001
2007-04-01 06:00:00,126.366135,0,0001
2007-05-01 06:00:00,126.40945,0,0001
2007-06-01 06:00:00,129.18999,0,0001
2007-07-01 06:00:00,130.26561,0,0001
2007-08-01 06:00:00,126.25787,0,0001
2007-09-01 06:00:00,125.39098,0,0001
2007-10-01 06:00:00,127.220764,0,0001
2007-11-01 06:00:00,131.39035,0,0001
2007-12-01 06:00:00,135.42339,0,0001
2008-01-01 06:00:00,136.63098,0,0001
2008-02-01 06:00:00,132.40088,0,0001
2008-03-01 06:00:00,128.37537,0,0001
2008-04-01 06:00:00,126.4273,0,0001
2008-05-01 06:00:00,127.02327,0,0001
2008-06-01 06:00:00,130.51955,0,0001
2008-07-01 06:00:00,130.52066,0,0001
2008-08-01 06:00:00,127.167885,0,0001
2008-09-01 06:00:00,125.14846,0,0001
2008-10-01 06:00:00,127.517815,0,0001
2008-11-01 06:00:00,130.92342,0,0001
2008-12-01 06:00:00,137.03656,0,0001
2009-01-01 06:00:00,137.03172,0,0001
2009-02-01 06:00:00,132.82602,0,0001
2009-03-01 06:00:00,127.46589,0,0001
2009-04-01 06:00:00,126.363976,0,0001
2009-05-01 06:00:00,127.104195,0,0001
2009-06-01 06:00:00,130.21796,0,0001
2009-07-01 06:00:00,129.52794,0,0001
2009-08-01 06:00:00,127.14083,0,0001
2009-09-01 06:00:00,124.87819,0,0001
2009-10-01 06:00:00,126.42619,0,0001
2009-11-01 06:00:00,130.35225,0,0001
2009-12-01 06:00:00,136.77576,0,0001
2010-01-01 06:00:00,137.06595,0,0001
2010-02-01 06:00:00,131.579,0,0001
2010-03-01 06:00:00,127.155556,0,0001
2010-04-01 06:00:00,125.467964,0,0001
2010-05-01 06:00:00,125.85232,0,0001
2010-06-01 06:00:00,128.46417,0,0001
2010-07-01 06:00:00,128.62102,0,0001
2010-08-01 06:00:00,125.97789,0,0001
2010-09-01 06:00:00,124.873245,0,0001
2010-10-01 06:00:00,126.042755,0,0001
2010-11-01 06:00:00,130.22472,0,0001
2010-12-01 06:00:00,136.07939,0,0001
2011-01-01 06:00:00,137.20065,0,0001
2011-02-01 06:00:00,131.93518,0,0001
2011-03-01 06:00:00,127.687325,0,0001
2011-04-01 06:00:00,126.156044,0,0001
2011-05-01 06:00:00,127.12074,0,0001
2011-06-01 06:00:00,128.71146,0,0001
2011-07-01 06:00:00,129.81131,0,0001
2011-08-01 06:00:00,126.90041,0,0001
2011-09-01 06:00:00,125.87549,0,0001
2011-10-01 06:00:00,126.79426,0,0001
2011-11-01 06:00:00,131.1103,0,0001
2011-12-01 06:00:00,136.13487,0,0001
2012-01-01 06:00:00,137.9297,0,0001
2012-02-01 06:00:00,133.06923,0,0001
2012-03-01 06:00:00,127.27533,0,0001
2012-04-01 06:00:00,125.94041,0,0001
2012-05-01 06:00:00,127.0721,0,0001
2012-06-01 06:00:00,130.36336,0,0001
2012-07-01 06:00:00,129.6526,0,0001
2012-08-01 06:00:00,126.98007,0,0001
2012-09-01 06:00:00,125.60808,0,0001
2012-10-01 06:00:00,127.33278,0,0001
2012-11-01 06:00:00,130.94975,0,0001
2012-12-01 06:00:00,136.18913,0,0001
2013-01-01 06:00:00,135.42467,0,0001
2013-02-01 06:00:00,131.60793,0,0001
2013-03-01 06:00:00,127.08959,0,0001
2013-04-01 06:00:00,124.91298,0,0001
2013-05-01 06:00:00,126.22429,0,0001
2013-06-01 06:00:00,130.61967,0,0001
2013-07-01 06:00:00,128.82576,0,0001
2013-08-01 06:00:00,127.70919,0,0001
2013-09-01 06:00:00,124.79579,0,0001
2013-10-01 06:00:00,126.687706,0,0001
2013-11-01 06:00:00,130.44926,0,0001
2013-12-01 06:00:00,135.76532,0,0001
2014-01-01 06:00:00,136.53813,0,0001
2014-02-01 06:00:00,131.56593,0,0001
2014-03-01 06:00:00,127.53843,0,0001
2014-04-01 06:00:00,125.83652,0,0001
2014-05-01 06:00:00,126.161064,0,0001
2014-06-01 06:00:00,129.50883,0,0001
2014-07-01 06:00:00,128.7332,0,0001
2014-08-01 06:00:00,127.30978,0,0001
2014-09-01 06:00:00,125.48105,0,0001
2014-10-01 06:00:00,126.840576,0,0001
2014-11-01 06:00:00,130.47235,0,0001
2014-12-01 06:00:00,135.78165,0,0001
2015-01-01 06:00:00,136.68503,0,0001
2015-02-01 06:00:00,132.01463,0,0001
2015-03-01 06:00:00,127.19264,0,0001
2015-04-01 06:00:00,126.129875,0,0001
2015-05-01 06:00:00,126.89735,0,0001
2015-06-01 06:00:00,129.4627,0,0001
2015-07-01 06:00:00,128.8569,0,0001
2015-08-01 06:00:00,126.61796,0,0001
2015-09-01 06:00:00,125.544495,0,0001
2015-10-01 06:00:00,127.267586,0,0001
2015-11-01 06:00:00,130.79022,0,0001
2015-12-01 06:00:00,136.2472,0,0001
2016-01-01 06:00:00,136.23814,0,0001
2016-02-01 06:00:00,131.7197,0,0001
2016-03-01 06:00:00,126.72296,0,0001
2016-04-01 06:00:00,126.13166,0,0001
2016-05-01 06:00:00,126.252914,0,0001
2016-06-01 06:00:00,130.24019,0,0001
2016-07-01 06:00:00,129.41045,0,0001
2016-08-01 06:00:00,127.78266,0,0001
2016-09-01 06:00:00,125.03361,0,0001
2016-10-01 06:00:00,126.601715,0,0001
2016-11-01 06:00:00,131.83287,0,0001
2016-12-01 06:00:00,136.5443,0,0001
2017-01-01 06:00:00,137.10443,0,0001
2017-02-01 06:00:00,132.10966,0,0001
2017-03-01 06:00:00,127.919556,0,0001
2017-04-01 06:00:00,126.46806,0,0001
2017-05-01 06:00:00,125.648445,0,0001
2017-06-01 06:00:00,130.1392,0,0001
2017-07-01 06:00:00,129.9867,0,0001
2017-08-01 06:00:00,127.04094,0,0001
2017-09-01 06:00:00,124.76905,0,0001
2017-10-01 06:00:00,126.0902,0,0001
2017-11-01 06:00:00,130.76999,0,0001
2017-12-01 06:00:00,137.17363,0,0001
2018-01-01 06:00:00,138.0632,0,0001
2018-02-01 06:00:00,130.81992,0,0001
2018-03-01 06:00:00,127.3333,0,0001
2018-04-01 06:00:00,126.83225,0,0001
2018-05-01 06:00:00,126.69,0,0001
2018-06-01 06:00:00,129.60756,0,0001
2018-07-01 06:00:00,129.72925,0,0001
2018-08-01 06:00:00,126.31763,0,0001
2018-09-01 06:00:00,125.91807,0,0001
2018-10-01 06:00:00,127.10278,0,0001
2018-11-01 06:00:00,131.5316,0,0001
2018-12-01 06:00:00,137.66232,0,0001
2019-01-01 06:00:00,136.81627,0,0001
2019-02-01 06:00:00,132.24052,0,0001
2019-03-01 06:00:00,128.16946,0,0001
2019-04-01 06:00:00,126.20621,0,0001
2019-05-01 06:00:00,126.51004,0,0001
2019-06-01 06:00:00,129.70311,0,0001
2019-07-01 06:00:00,129.73717,0,0001
2019-08-01 06:00:00,127.32741,0,0001
2019-09-01 06:00:00,125.889145,0,0001
2019-10-01 06:00:00,127.54138,0,0001
2019-11-01 06:00:00,131.18869,0,0001
2019-12-01 06:00:00,136.11063,0,0001
2020-01-01 06:00:00,136.10043,0,0001
2020-02-01 06:00:00,131.41374,0,0001
2020-03-01 06:00:00,126.94826,0,0001
2020-04-01 06:00:00,126.504845,0,0001
2020-05-01 06:00:00,127.291084,0,0001
2020-06-01 06:00:00,129.81657,0,0001
2020-07-01 06:00:00,128.67673,0,0001
2020-08-01 06:00:00,127.42817,0,0001
2020-09-01 06:00:00,125.66707,0,0001
2020-10-01 06:00:00,126.68555,0,0001
2020-11-01 06:00:00,131.07498,0,0001
2020-12-01 06:00:00,135.93608,0,0001
2021-01-01 06:00:00,137.16594,0,0001
2021-02-01 06:00:00,132.35762,0,0001
2021-03-01 06:00:00,127.78336,0,0001
2021-04-01 06:00:00,126.53062,0,0001
2021-05-01 06:00:00,127.13573,0,0001
2021-06-01 06:00:00,131.20259,0,0001
2021-07-01 06:00:00,129.82217,0,0001
2021-08-01 06:00:00,126.97422,0,0001
2021-09-01 06:00:00,125.382706,0,0001
2021-10-01 06:00:00,127.14764,0,0001
2021-11-01 06:00:00,132.23616,0,0001
2021-12-01 06:00:00,137.42288,0,0001
2022-01-01 06:00:00,137.89792,0,0001
2022-02-01 06:00:00,132.9891,0,0001
2022-03-01 06:00:00,128.24132,0,0001
2022-04-01 06:00:00,126.39145,0,0001
2022-05-01 06:00:00,126.74051,0,0001
2022-06-01 06:00:00,131.29895,0,0001
2022-07-01 06:00:00,129.57275,0,0001
2022-08-01 06:00:00,126.91212,0,0001
2022-09-01 06:00:00,125.57038,0,0001
2022-10-01 06:00:00,127.34164,0,0001
2022-11-01 06:00:00,131.15308,0,0001
2022-12-01 06:00:00,137.59402,0,0001
2023-01-01 06:00:00,138.22937,0,0001
2023-02-01 06:00:00,133.2286,0,0001
2023-03-01 06:00:00,128.21277,0,0001
2023-04-01 06:00:00,127.08296,0,0001
2023-05-01 06:00:00,127.25393,0,0001
2023-06-01 06:00:00,131.35684,0,0001
2023-07-01 06:00:00,130.56543,0,0001
2023-08-01 06:00:00,128.6214,0,0001
2023-09-01 06:00:00,126.76177,0,0001
2023-10-01 06:00:00,127.57349,0,0001
2023-11-01 06:00:00,131.09666,0,0001
2023-12-01 06:00:00,136.57117,0,0001
2024-01-01 06:00:00,136.86617,0,0001
2024-02-01 06:00:00,131.55154,0,0001
2024-03-01 06:00:00,126.92243,0,0001
2024-04-01 06:00:00,125.51423,0,0001
2024-05-01 06:00:00,126.34012,0,0001
2024-06-01 06:00:00,129.74638,0,0001
2024-07-01 06:00:00,129.81808,0,0001
2024-08-01 06:00:00,128.54536,0,0001
2024-09-01 06:00:00,126.016464,0,0001
2024-10-01 06:00:00,127.958046,0,0001
2024-11-01 06:00:00,131.7984,0,0001
2024-12-01 06:00:00,136.94699,0,0001
2025-01-01 06:00:00,138.36942,0,0001
2025-02-01 06:00:00,132.6051,0,0001
2025-03-01 06:00:00,128.41895,0,0001
2025-04-01 06:00:00,125.82411,0,0001
2025-05-01 06:00:00,127.156815,0,0001
2025-06-01 06:00:00,130.02028,0,0001
2025-07-01 06:00:00,130.23587,0,0001
2025-08-01 06:00:00,128.12117,0,0001
2025-09-01 06:00:00,126.37407,0,0001
2025-10-01 06:00:00,127.5174,0,0001
2025-11-01 06:00:00,132.15746,0,0001
2025-12-01 06:00:00,137.72783,0,0001
2026-01-01 06:00:00,138.37216,0,0001
2026-02-01 06:00:00,133.25229,0,0001
2026-03-01 06:00:00,127.75504,0,0005
2026-04-01 06:00:00,126.88705,0,0005
