valid_time,avg_sdlwrf,number,expver
1940-01-01 06:00:00,284.96124,0,0001
1940-02-01 06:00:00,284.2865,0,0001
1940-03-01 06:00:00,284.7849,0,0001
1940-04-01 06:00:00,293.8278,0,0001
1940-05-01 06:00:00,302.8681,0,0001
1940-06-01 06:00:00,309.4465,0,0001
1940-07-01 06:00:00,313.60785,0,0001
1940-08-01 06:00:00,311.99796,0,0001
1940-09-01 06:00:00,305.20758,0,0001
1940-10-01 06:00:00,296.0618,0,0001
1940-11-01 06:00:00,287.92194,0,0001
1940-12-01 06:00:00,285.6416,0,0001
1941-01-01 06:00:00,283.67545,0,0001
1941-02-01 06:00:00,285.3105,0,0001
1941-03-01 06:00:00,285.73804,0,0001
1941-04-01 06:00:00,291.1417,0,0001
1941-05-01 06:00:00,302.00858,0,0001
1941-06-01 06:00:00,309.47556,0,0001
1941-07-01 06:00:00,313.15262,0,0001
1941-08-01 06:00:00,312.2418,0,0001
1941-09-01 06:00:00,303.47287,0,0001
1941-10-01 06:00:00,297.19998,0,0001
1941-11-01 06:00:00,289.09302,0,0001
1941-12-01 06:00:00,286.03302,0,0001
1942-01-01 06:00:00,287.85257,0,0001
1942-02-01 06:00:00,285.31488,0,0001
1942-03-01 06:00:00,285.45013,0,0001
1942-04-01 06:00:00,291.087,0,0001
1942-05-01 06:00:00,301.98727,0,0001
1942-06-01 06:00:00,308.88104,0,0001
1942-07-01 06:00:00,312.54153,0,0001
1942-08-01 06:00:00,310.90945,0,0001
1942-09-01 06:00:00,304.0183,0,0001
1942-10-01 06:00:00,295.7288,0,0001
1942-11-01 06:00:00,287.5004,0,0001
1942-12-01 06:00:00,285.91425,0,0001
1943-01-01 06:00:00,284.6976,0,0001
1943-02-01 06:00:00,284.87592,0,0001
1943-03-01 06:00:00,286.7776,0,0001
1943-04-01 06:00:00,293.43,0,0001
1943-05-01 06:00:00,301.92377,0,0001
1943-06-01 06:00:00,309.0353,0,0001
1943-07-01 06:00:00,311.98907,0,0001
1943-08-01 06:00:00,311.0455,0,0001
1943-09-01 06:00:00,305.44806,0,0001
1943-10-01 06:00:00,296.72427,0,0001
1943-11-01 06:00:00,288.49777,0,0001
1943-12-01 06:00:00,286.6354,0,0001
1944-01-01 06:00:00,287.39914,0,0001
1944-02-01 06:00:00,287.02618,0,0001
1944-03-01 06:00:00,289.35358,0,0001
1944-04-01 06:00:00,292.8995,0,0001
1944-05-01 06:00:00,301.40884,0,0001
1944-06-01 06:00:00,310.32343,0,0001
1944-07-01 06:00:00,314.28082,0,0001
1944-08-01 06:00:00,312.05307,0,0001
1944-09-01 06:00:00,306.84894,0,0001
1944-10-01 06:00:00,298.4527,0,0001
1944-11-01 06:00:00,291.1564,0,0001
1944-12-01 06:00:00,288.12198,0,0001
1945-01-01 06:00:00,285.3386,0,0001
1945-02-01 06:00:00,284.46674,0,0001
1945-03-01 06:00:00,285.43723,0,0001
1945-04-01 06:00:00,292.58942,0,0001
1945-05-01 06:00:00,300.64294,0,0001
1945-06-01 06:00:00,309.50253,0,0001
1945-07-01 06:00:00,312.21072,0,0001
1945-08-01 06:00:00,313.77084,0,0001
1945-09-01 06:00:00,305.5308,0,0001
1945-10-01 06:00:00,297.64856,0,0001
1945-11-01 06:00:00,288.7817,0,0001
1945-12-01 06:00:00,285.37637,0,0001
1946-01-01 06:00:00,285.14722,0,0001
1946-02-01 06:00:00,284.0606,0,0001
1946-03-01 06:00:00,286.83447,0,0001
1946-04-01 06:00:00,291.9984,0,0001
1946-05-01 06:00:00,301.7631,0,0001
1946-06-01 06:00:00,308.78406,0,0001
1946-07-01 06:00:00,312.49762,0,0001
1946-08-01 06:00:00,310.45526,0,0001
1946-09-01 06:00:00,303.80804,0,0001
1946-10-01 06:00:00,294.41037,0,0001
1946-11-01 06:00:00,289.3988,0,0001
1946-12-01 06:00:00,286.1528,0,0001
1947-01-01 06:00:00,287.8744,0,0001
1947-02-01 06:00:00,285.8864,0,0001
1947-03-01 06:00:00,287.5976,0,0001
1947-04-01 06:00:00,293.1396,0,0001
1947-05-01 06:00:00,302.22922,0,0001
1947-06-01 06:00:00,311.07407,0,0001
1947-07-01 06:00:00,312.9409,0,0001
1947-08-01 06:00:00,310.95358,0,0001
1947-09-01 06:00:00,305.07452,0,0001
1947-10-01 06:00:00,297.8226,0,0001
1947-11-01 06:00:00,290.53284,0,0001
1947-12-01 06:00:00,286.2337,0,0001
1948-01-01 06:00:00,284.25647,0,0001
1948-02-01 06:00:00,285.6206,0,0001
1948-03-01 06:00:00,287.5208,0,0001
1948-04-01 06:00:00,292.77307,0,0001
1948-05-01 06:00:00,301.8793,0,0001
1948-06-01 06:00:00,308.65024,0,0001
1948-07-01 06:00:00,311.92737,0,0001
1948-08-01 06:00:00,310.316,0,0001
1948-09-01 06:00:00,303.76132,0,0001
1948-10-01 06:00:00,297.50613,0,0001
1948-11-01 06:00:00,289.83752,0,0001
1948-12-01 06:00:00,285.12958,0,0001
1949-01-01 06:00:00,286.6031,0,0001
1949-02-01 06:00:00,286.70932,0,0001
1949-03-01 06:00:00,289.38376,0,0001
1949-04-01 06:00:00,291.4983,0,0001
1949-05-01 06:00:00,302.035,0,0001
1949-06-01 06:00:00,307.0401,0,0001
1949-07-01 06:00:00,313.3205,0,0001
1949-08-01 06:00:00,309.95255,0,0001
1949-09-01 06:00:00,304.9284,0,0001
1949-10-01 06:00:00,297.31995,0,0001
1949-11-01 06:00:00,290.68494,0,0001
1949-12-01 06:00:00,288.59164,0,0001
1950-01-01 06:00:00,285.83813,0,0001
1950-02-01 06:00:00,283.88306,0,0001
1950-03-01 06:00:00,286.73364,0,0001
1950-04-01 06:00:00,290.92422,0,0001
1950-05-01 06:00:00,300.29828,0,0001
1950-06-01 06:00:00,308.09195,0,0001
1950-07-01 06:00:00,312.27423,0,0001
1950-08-01 06:00:00,309.3856,0,0001
1950-09-01 06:00:00,304.59793,0,0001
1950-10-01 06:00:00,296.7474,0,0001
1950-11-01 06:00:00,289.12524,0,0001
1950-12-01 06:00:00,287.15094,0,0001
1951-01-01 06:00:00,285.11954,0,0001
1951-02-01 06:00:00,284.09805,0,0001
1951-03-01 06:00:00,287.68506,0,0001
1951-04-01 06:00:00,291.86356,0,0001
1951-05-01 06:00:00,303.2979,0,0001
1951-06-01 06:00:00,308.9224,0,0001
1951-07-01 06:00:00,311.87918,0,0001
1951-08-01 06:00:00,311.55356,0,0001
1951-09-01 06:00:00,305.7096,0,0001
1951-10-01 06:00:00,299.16507,0,0001
1951-11-01 06:00:00,290.18774,0,0001
1951-12-01 06:00:00,287.61703,0,0001
1952-01-01 06:00:00,287.48654,0,0001
1952-02-01 06:00:00,287.1054,0,0001
1952-03-01 06:00:00,287.53168,0,0001
1952-04-01 06:00:00,291.8821,0,0001
1952-05-01 06:00:00,301.53635,0,0001
1952-06-01 06:00:00,309.7816,0,0001
1952-07-01 06:00:00,314.09244,0,0001
1952-08-01 06:00:00,310.8576,0,0001
1952-09-01 06:00:00,304.95975,0,0001
1952-10-01 06:00:00,296.2575,0,0001
1952-11-01 06:00:00,288.3824,0,0001
1952-12-01 06:00:00,287.63943,0,0001
1953-01-01 06:00:00,286.31033,0,0001
1953-02-01 06:00:00,286.91946,0,0001
1953-03-01 06:00:00,286.65622,0,0001
1953-04-01 06:00:00,293.93045,0,0001
1953-05-01 06:00:00,303.28708,0,0001
1953-06-01 06:00:00,309.8821,0,0001
1953-07-01 06:00:00,313.27048,0,0001
1953-08-01 06:00:00,311.62662,0,0001
1953-09-01 06:00:00,304.56326,0,0001
1953-10-01 06:00:00,296.5001,0,0001
1953-11-01 06:00:00,291.27692,0,0001
1953-12-01 06:00:00,289.40677,0,0001
1954-01-01 06:00:00,285.4101,0,0001
1954-02-01 06:00:00,285.47403,0,0001
1954-03-01 06:00:00,286.20584,0,0001
1954-04-01 06:00:00,292.46802,0,0001
1954-05-01 06:00:00,301.48355,0,0001
1954-06-01 06:00:00,308.59525,0,0001
1954-07-01 06:00:00,311.75616,0,0001
1954-08-01 06:00:00,310.58307,0,0001
1954-09-01 06:00:00,301.90524,0,0001
1954-10-01 06:00:00,296.90063,0,0001
1954-11-01 06:00:00,289.6375,0,0001
1954-12-01 06:00:00,286.5753,0,0001
1955-01-01 06:00:00,286.45908,0,0001
1955-02-01 06:00:00,284.56506,0,0001
1955-03-01 06:00:00,285.45334,0,0001
1955-04-01 06:00:00,291.68982,0,0001
1955-05-01 06:00:00,300.2331,0,0001
1955-06-01 06:00:00,308.22052,0,0001
1955-07-01 06:00:00,311.5811,0,0001
1955-08-01 06:00:00,312.02655,0,0001
1955-09-01 06:00:00,304.6172,0,0001
1955-10-01 06:00:00,295.7773,0,0001
1955-11-01 06:00:00,287.02405,0,0001
1955-12-01 06:00:00,284.46152,0,0001
1956-01-01 06:00:00,287.7512,0,0001
1956-02-01 06:00:00,285.82367,0,0001
1956-03-01 06:00:00,286.97607,0,0001
1956-04-01 06:00:00,290.9092,0,0001
1956-05-01 06:00:00,299.107,0,0001
1956-06-01 06:00:00,307.3356,0,0001
1956-07-01 06:00:00,311.21704,0,0001
1956-08-01 06:00:00,309.34476,0,0001
1956-09-01 06:00:00,302.3489,0,0001
1956-10-01 06:00:00,293.75922,0,0001
1956-11-01 06:00:00,290.0571,0,0001
1956-12-01 06:00:00,289.03638,0,0001
1957-01-01 06:00:00,285.8004,0,0001
1957-02-01 06:00:00,285.4516,0,0001
1957-03-01 06:00:00,287.33398,0,0001
1957-04-01 06:00:00,293.1783,0,0001
1957-05-01 06:00:00,302.3137,0,0001
1957-06-01 06:00:00,309.24844,0,0001
1957-07-01 06:00:00,312.41528,0,0001
1957-08-01 06:00:00,310.973,0,0001
1957-09-01 06:00:00,304.861,0,0001
1957-10-01 06:00:00,298.87222,0,0001
1957-11-01 06:00:00,290.82907,0,0001
1957-12-01 06:00:00,288.07962,0,0001
1958-01-01 06:00:00,289.9927,0,0001
1958-02-01 06:00:00,287.85608,0,0001
1958-03-01 06:00:00,288.10458,0,0001
1958-04-01 06:00:00,291.14496,0,0001
1958-05-01 06:00:00,301.35226,0,0001
1958-06-01 06:00:00,308.5924,0,0001
1958-07-01 06:00:00,312.7358,0,0001
1958-08-01 06:00:00,311.03787,0,0001
1958-09-01 06:00:00,304.2913,0,0001
1958-10-01 06:00:00,296.2131,0,0001
1958-11-01 06:00:00,289.6806,0,0001
1958-12-01 06:00:00,286.07916,0,0001
1959-01-01 06:00:00,286.9993,0,0001
1959-02-01 06:00:00,287.41342,0,0001
1959-03-01 06:00:00,289.9195,0,0001
1959-04-01 06:00:00,294.7171,0,0001
1959-05-01 06:00:00,302.37766,0,0001
1959-06-01 06:00:00,309.15436,0,0001
1959-07-01 06:00:00,312.68607,0,0001
1959-08-01 06:00:00,312.18048,0,0001
1959-09-01 06:00:00,304.22272,0,0001
1959-10-01 06:00:00,297.40125,0,0001
1959-11-01 06:00:00,290.86404,0,0001
1959-12-01 06:00:00,288.32538,0,0001
1960-01-01 06:00:00,287.3085,0,0001
1960-02-01 06:00:00,286.40747,0,0001
1960-03-01 06:00:00,285.9955,0,0001
1960-04-01 06:00:00,292.03116,0,0001
1960-05-01 06:00:00,301.99072,0,0001
1960-06-01 06:00:00,309.60703,0,0001
1960-07-01 06:00:00,313.0706,0,0001
1960-08-01 06:00:00,311.4918,0,0001
1960-09-01 06:00:00,305.81952,0,0001
1960-10-01 06:00:00,296.99875,0,0001
1960-11-01 06:00:00,289.12366,0,0001
1960-12-01 06:00:00,288.83414,0,0001
1961-01-01 06:00:00,287.30994,0,0001
1961-02-01 06:00:00,286.57993,0,0001
1961-03-01 06:00:00,286.7334,0,0001
1961-04-01 06:00:00,292.93448,0,0001
1961-05-01 06:00:00,300.8609,0,0001
1961-06-01 06:00:00,309.3018,0,0001
1961-07-01 06:00:00,312.53928,0,0001
1961-08-01 06:00:00,311.13898,0,0001
1961-09-01 06:00:00,305.51007,0,0001
1961-10-01 06:00:00,298.1572,0,0001
1961-11-01 06:00:00,290.29764,0,0001
1961-12-01 06:00:00,285.81116,0,0001
1962-01-01 06:00:00,286.4403,0,0001
1962-02-01 06:00:00,286.54993,0,0001
1962-03-01 06:00:00,288.4429,0,0001
1962-04-01 06:00:00,292.18195,0,0001
1962-05-01 06:00:00,300.22253,0,0001
1962-06-01 06:00:00,308.15137,0,0001
1962-07-01 06:00:00,312.07068,0,0001
1962-08-01 06:00:00,310.52982,0,0001
1962-09-01 06:00:00,302.96735,0,0001
1962-10-01 06:00:00,296.3565,0,0001
1962-11-01 06:00:00,290.81262,0,0001
1962-12-01 06:00:00,286.51483,0,0001
1963-01-01 06:00:00,286.34018,0,0001
1963-02-01 06:00:00,286.0809,0,0001
1963-03-01 06:00:00,285.70215,0,0001
1963-04-01 06:00:00,292.26215,0,0001
1963-05-01 06:00:00,301.65347,0,0001
1963-06-01 06:00:00,309.09708,0,0001
1963-07-01 06:00:00,312.93793,0,0001
1963-08-01 06:00:00,312.6435,0,0001
1963-09-01 06:00:00,305.5261,0,0001
1963-10-01 06:00:00,296.6946,0,0001
1963-11-01 06:00:00,290.78323,0,0001
1963-12-01 06:00:00,288.4585,0,0001
1964-01-01 06:00:00,286.35406,0,0001
1964-02-01 06:00:00,286.60275,0,0001
1964-03-01 06:00:00,286.45337,0,0001
1964-04-01 06:00:00,290.4012,0,0001
1964-05-01 06:00:00,298.90494,0,0001
1964-06-01 06:00:00,307.82123,0,0001
1964-07-01 06:00:00,313.0238,0,0001
1964-08-01 06:00:00,310.5793,0,0001
1964-09-01 06:00:00,303.0235,0,0001
1964-10-01 06:00:00,294.91367,0,0001
1964-11-01 06:00:00,288.17715,0,0001
1964-12-01 06:00:00,287.04147,0,0001
1965-01-01 06:00:00,286.4507,0,0001
1965-02-01 06:00:00,285.69485,0,0001
1965-03-01 06:00:00,287.2828,0,0001
1965-04-01 06:00:00,291.52618,0,0001
1965-05-01 06:00:00,299.6909,0,0001
1965-06-01 06:00:00,307.38412,0,0001
1965-07-01 06:00:00,311.20944,0,0001
1965-08-01 06:00:00,310.86734,0,0001
1965-09-01 06:00:00,304.4665,0,0001
1965-10-01 06:00:00,296.15414,0,0001
1965-11-01 06:00:00,291.57535,0,0001
1965-12-01 06:00:00,287.66516,0,0001
1966-01-01 06:00:00,285.55396,0,0001
1966-02-01 06:00:00,286.33804,0,0001
1966-03-01 06:00:00,287.6996,0,0001
1966-04-01 06:00:00,291.86966,0,0001
1966-05-01 06:00:00,299.37848,0,0001
1966-06-01 06:00:00,307.92023,0,0001
1966-07-01 06:00:00,313.39673,0,0001
1966-08-01 06:00:00,311.1695,0,0001
1966-09-01 06:00:00,305.15604,0,0001
1966-10-01 06:00:00,295.02972,0,0001
1966-11-01 06:00:00,290.974,0,0001
1966-12-01 06:00:00,289.49887,0,0001
1967-01-01 06:00:00,286.1406,0,0001
1967-02-01 06:00:00,285.1504,0,0001
1967-03-01 06:00:00,288.67365,0,0001
1967-04-01 06:00:00,292.72174,0,0001
1967-05-01 06:00:00,302.15732,0,0001
1967-06-01 06:00:00,308.69064,0,0001
1967-07-01 06:00:00,312.66055,0,0001
1967-08-01 06:00:00,311.7683,0,0001
1967-09-01 06:00:00,305.3212,0,0001
1967-10-01 06:00:00,298.43527,0,0001
1967-11-01 06:00:00,290.0264,0,0001
1967-12-01 06:00:00,288.9548,0,0001
1968-01-01 06:00:00,286.6672,0,0001
1968-02-01 06:00:00,287.13562,0,0001
1968-03-01 06:00:00,289.40155,0,0001
1968-04-01 06:00:00,293.04688,0,0001
1968-05-01 06:00:00,301.2057,0,0001
1968-06-01 06:00:00,307.7261,0,0001
1968-07-01 06:00:00,312.50497,0,0001
1968-08-01 06:00:00,310.4121,0,0001
1968-09-01 06:00:00,303.01175,0,0001
1968-10-01 06:00:00,297.11774,0,0001
1968-11-01 06:00:00,288.96405,0,0001
1968-12-01 06:00:00,286.92767,0,0001
1969-01-01 06:00:00,287.57446,0,0001
1969-02-01 06:00:00,287.36603,0,0001
1969-03-01 06:00:00,287.14926,0,0001
1969-04-01 06:00:00,293.6042,0,0001
1969-05-01 06:00:00,302.73007,0,0001
1969-06-01 06:00:00,309.83868,0,0001
1969-07-01 06:00:00,312.55347,0,0001
1969-08-01 06:00:00,310.9703,0,0001
1969-09-01 06:00:00,305.87585,0,0001
1969-10-01 06:00:00,297.59647,0,0001
1969-11-01 06:00:00,290.86304,0,0001
1969-12-01 06:00:00,290.3351,0,0001
1970-01-01 06:00:00,287.36655,0,0001
1970-02-01 06:00:00,286.3465,0,0001
1970-03-01 06:00:00,288.87946,0,0001
1970-04-01 06:00:00,292.34134,0,0001
1970-05-01 06:00:00,301.80557,0,0001
1970-06-01 06:00:00,309.08722,0,0001
1970-07-01 06:00:00,312.53787,0,0001
1970-08-01 06:00:00,310.8894,0,0001
1970-09-01 06:00:00,305.29105,0,0001
1970-10-01 06:00:00,297.03262,0,0001
1970-11-01 06:00:00,289.51205,0,0001
1970-12-01 06:00:00,287.89957,0,0001
1971-01-01 06:00:00,286.26553,0,0001
1971-02-01 06:00:00,287.56482,0,0001
1971-03-01 06:00:00,287.52454,0,0001
1971-04-01 06:00:00,294.09338,0,0001
1971-05-01 06:00:00,300.99652,0,0001
1971-06-01 06:00:00,308.13202,0,0001
1971-07-01 06:00:00,312.29852,0,0001
1971-08-01 06:00:00,310.991,0,0001
1971-09-01 06:00:00,304.95328,0,0001
1971-10-01 06:00:00,294.71432,0,0001
1971-11-01 06:00:00,289.1671,0,0001
1971-12-01 06:00:00,288.07028,0,0001
1972-01-01 06:00:00,286.88535,0,0001
1972-02-01 06:00:00,285.90054,0,0001
1972-03-01 06:00:00,288.32776,0,0001
1972-04-01 06:00:00,292.31204,0,0001
1972-05-01 06:00:00,301.04013,0,0001
1972-06-01 06:00:00,309.5626,0,0001
1972-07-01 06:00:00,314.13913,0,0001
1972-08-01 06:00:00,312.8944,0,0001
1972-09-01 06:00:00,306.40488,0,0001
1972-10-01 06:00:00,299.30988,0,0001
1972-11-01 06:00:00,290.85864,0,0001
1972-12-01 06:00:00,289.64743,0,0001
1973-01-01 06:00:00,289.65198,0,0001
1973-02-01 06:00:00,288.362,0,0001
1973-03-01 06:00:00,289.96918,0,0001
1973-04-01 06:00:00,295.55667,0,0001
1973-05-01 06:00:00,302.81213,0,0001
1973-06-01 06:00:00,310.3285,0,0001
1973-07-01 06:00:00,313.9211,0,0001
1973-08-01 06:00:00,312.27405,0,0001
1973-09-01 06:00:00,305.6982,0,0001
1973-10-01 06:00:00,296.60587,0,0001
1973-11-01 06:00:00,290.7389,0,0001
1973-12-01 06:00:00,288.12915,0,0001
1974-01-01 06:00:00,289.31537,0,0001
1974-02-01 06:00:00,286.22168,0,0001
1974-03-01 06:00:00,288.64764,0,0001
1974-04-01 06:00:00,292.51245,0,0001
1974-05-01 06:00:00,300.17154,0,0001
1974-06-01 06:00:00,307.29813,0,0001
1974-07-01 06:00:00,312.00784,0,0001
1974-08-01 06:00:00,311.2096,0,0001
1974-09-01 06:00:00,304.3497,0,0001
1974-10-01 06:00:00,295.49054,0,0001
1974-11-01 06:00:00,288.28458,0,0001
1974-12-01 06:00:00,287.59012,0,0001
1975-01-01 06:00:00,286.36267,0,0001
1975-02-01 06:00:00,287.38525,0,0001
1975-03-01 06:00:00,289.06384,0,0001
1975-04-01 06:00:00,293.28134,0,0001
1975-05-01 06:00:00,300.4985,0,0001
1975-06-01 06:00:00,307.91058,0,0001
1975-07-01 06:00:00,311.83673,0,0001
1975-08-01 06:00:00,309.7816,0,0001
1975-09-01 06:00:00,303.2318,0,0001
1975-10-01 06:00:00,294.7865,0,0001
1975-11-01 06:00:00,287.55408,0,0001
1975-12-01 06:00:00,286.77112,0,0001
1976-01-01 06:00:00,286.54358,0,0001
1976-02-01 06:00:00,287.16446,0,0001
1976-03-01 06:00:00,288.1462,0,0001
1976-04-01 06:00:00,291.52878,0,0001
1976-05-01 06:00:00,299.02316,0,0001
1976-06-01 06:00:00,307.4361,0,0001
1976-07-01 06:00:00,311.36926,0,0001
1976-08-01 06:00:00,309.0456,0,0001
1976-09-01 06:00:00,304.11856,0,0001
1976-10-01 06:00:00,292.75006,0,0001
1976-11-01 06:00:00,288.4646,0,0001
1976-12-01 06:00:00,286.8507,0,0001
1977-01-01 06:00:00,290.08997,0,0001
1977-02-01 06:00:00,285.79575,0,0001
1977-03-01 06:00:00,287.48923,0,0001
1977-04-01 06:00:00,293.29837,0,0001
1977-05-01 06:00:00,303.05856,0,0001
1977-06-01 06:00:00,310.64853,0,0001
1977-07-01 06:00:00,313.8086,0,0001
1977-08-01 06:00:00,312.9137,0,0001
1977-09-01 06:00:00,303.7463,0,0001
1977-10-01 06:00:00,295.69852,0,0001
1977-11-01 06:00:00,291.4232,0,0001
1977-12-01 06:00:00,288.14148,0,0001
1978-01-01 06:00:00,286.62177,0,0001
1978-02-01 06:00:00,287.01242,0,0001
1978-03-01 06:00:00,288.6526,0,0001
1978-04-01 06:00:00,294.01566,0,0001
1978-05-01 06:00:00,302.83862,0,0001
1978-06-01 06:00:00,308.24423,0,0001
1978-07-01 06:00:00,313.8092,0,0001
1978-08-01 06:00:00,310.97845,0,0001
1978-09-01 06:00:00,304.45328,0,0001
1978-10-01 06:00:00,297.47238,0,0001
1978-11-01 06:00:00,291.51926,0,0001
1978-12-01 06:00:00,287.89276,0,0001
1979-01-01 06:00:00,289.07162,0,0001
1979-02-01 06:00:00,286.6934,0,0001
1979-03-01 06:00:00,290.38892,0,0001
1979-04-01 06:00:00,293.23846,0,0001
1979-05-01 06:00:00,302.6265,0,0001
1979-06-01 06:00:00,310.0459,0,0001
1979-07-01 06:00:00,313.5899,0,0001
1979-08-01 06:00:00,312.97946,0,0001
1979-09-01 06:00:00,307.8689,0,0001
1979-10-01 06:00:00,299.29248,0,0001
1979-11-01 06:00:00,292.21332,0,0001
1979-12-01 06:00:00,291.02295,0,0001
1980-01-01 06:00:00,290.201,0,0001
1980-02-01 06:00:00,290.8315,0,0001
1980-03-01 06:00:00,291.92148,0,0001
1980-04-01 06:00:00,296.3109,0,0001
1980-05-01 06:00:00,306.09,0,0001
1980-06-01 06:00:00,310.9412,0,0001
1980-07-01 06:00:00,316.128,0,0001
1980-08-01 06:00:00,313.27783,0,0001
1980-09-01 06:00:00,306.925,0,0001
1980-10-01 06:00:00,299.22708,0,0001
1980-11-01 06:00:00,291.05664,0,0001
1980-12-01 06:00:00,288.3053,0,0001
1981-01-01 06:00:00,290.36423,0,0001
1981-02-01 06:00:00,291.22028,0,0001
1981-03-01 06:00:00,291.83585,0,0001
1981-04-01 06:00:00,296.33472,0,0001
1981-05-01 06:00:00,305.00455,0,0001
1981-06-01 06:00:00,311.6331,0,0001
1981-07-01 06:00:00,315.76776,0,0001
1981-08-01 06:00:00,314.06332,0,0001
1981-09-01 06:00:00,307.04816,0,0001
1981-10-01 06:00:00,299.4898,0,0001
1981-11-01 06:00:00,293.03015,0,0001
1981-12-01 06:00:00,290.37234,0,0001
1982-01-01 06:00:00,288.17072,0,0001
1982-02-01 06:00:00,289.36667,0,0001
1982-03-01 06:00:00,290.32465,0,0001
1982-04-01 06:00:00,294.43857,0,0001
1982-05-01 06:00:00,303.37103,0,0001
1982-06-01 06:00:00,311.47336,0,0001
1982-07-01 06:00:00,313.7446,0,0001
1982-08-01 06:00:00,313.13565,0,0001
1982-09-01 06:00:00,306.78064,0,0001
1982-10-01 06:00:00,299.52927,0,0001
1982-11-01 06:00:00,292.77567,0,0001
1982-12-01 06:00:00,291.28528,0,0001
1983-01-01 06:00:00,290.10263,0,0001
1983-02-01 06:00:00,289.67416,0,0001
1983-03-01 06:00:00,293.2503,0,0001
1983-04-01 06:00:00,296.46115,0,0001
1983-05-01 06:00:00,305.51907,0,0001
1983-06-01 06:00:00,310.0977,0,0001
1983-07-01 06:00:00,315.55176,0,0001
1983-08-01 06:00:00,314.70044,0,0001
1983-09-01 06:00:00,307.89395,0,0001
1983-10-01 06:00:00,297.90115,0,0001
1983-11-01 06:00:00,291.72903,0,0001
1983-12-01 06:00:00,288.0901,0,0001
1984-01-01 06:00:00,289.6187,0,0001
1984-02-01 06:00:00,289.48132,0,0001
1984-03-01 06:00:00,291.10828,0,0001
1984-04-01 06:00:00,293.885,0,0001
1984-05-01 06:00:00,304.50504,0,0001
1984-06-01 06:00:00,309.7278,0,0001
1984-07-01 06:00:00,314.474,0,0001
1984-08-01 06:00:00,313.22537,0,0001
1984-09-01 06:00:00,306.45105,0,0001
1984-10-01 06:00:00,299.78308,0,0001
1984-11-01 06:00:00,291.8201,0,0001
1984-12-01 06:00:00,291.2229,0,0001
1985-01-01 06:00:00,289.0541,0,0001
1985-02-01 06:00:00,287.8289,0,0001
1985-03-01 06:00:00,289.9595,0,0001
1985-04-01 06:00:00,294.9934,0,0001
1985-05-01 06:00:00,302.8173,0,0001
1985-06-01 06:00:00,310.6111,0,0001
1985-07-01 06:00:00,314.23846,0,0001
1985-08-01 06:00:00,312.88705,0,0001
1985-09-01 06:00:00,306.34134,0,0001
1985-10-01 06:00:00,297.65024,0,0001
1985-11-01 06:00:00,293.0015,0,0001
1985-12-01 06:00:00,289.14502,0,0001
1986-01-01 06:00:00,287.74445,0,0001
1986-02-01 06:00:00,289.04443,0,0001
1986-03-01 06:00:00,290.67853,0,0001
1986-04-01 06:00:00,295.94257,0,0001
1986-05-01 06:00:00,304.44125,0,0001
1986-06-01 06:00:00,310.69962,0,0001
1986-07-01 06:00:00,314.91562,0,0001
1986-08-01 06:00:00,313.04968,0,0001
1986-09-01 06:00:00,304.8822,0,0001
1986-10-01 06:00:00,297.53668,0,0001
1986-11-01 06:00:00,294.0256,0,0001
1986-12-01 06:00:00,289.57312,0,0001
1987-01-01 06:00:00,289.25052,0,0001
1987-02-01 06:00:00,289.50842,0,0001
1987-03-01 06:00:00,289.2588,0,0001
1987-04-01 06:00:00,295.3462,0,0001
1987-05-01 06:00:00,304.23465,0,0001
1987-06-01 06:00:00,312.27734,0,0001
1987-07-01 06:00:00,316.3905,0,0001
1987-08-01 06:00:00,314.0664,0,0001
1987-09-01 06:00:00,305.14005,0,0001
1987-10-01 06:00:00,297.73428,0,0001
1987-11-01 06:00:00,291.15787,0,0001
1987-12-01 06:00:00,290.16342,0,0001
1988-01-01 06:00:00,290.61298,0,0001
1988-02-01 06:00:00,289.98477,0,0001
1988-03-01 06:00:00,291.5866,0,0001
1988-04-01 06:00:00,296.19043,0,0001
1988-05-01 06:00:00,305.59415,0,0001
1988-06-01 06:00:00,312.4394,0,0001
1988-07-01 06:00:00,316.5825,0,0001
1988-08-01 06:00:00,315.90796,0,0001
1988-09-01 06:00:00,308.81143,0,0001
1988-10-01 06:00:00,298.27933,0,0001
1988-11-01 06:00:00,291.0485,0,0001
1988-12-01 06:00:00,290.50333,0,0001
1989-01-01 06:00:00,286.93677,0,0001
1989-02-01 06:00:00,289.72833,0,0001
1989-03-01 06:00:00,291.05505,0,0001
1989-04-01 06:00:00,295.38782,0,0001
1989-05-01 06:00:00,303.629,0,0001
1989-06-01 06:00:00,310.6178,0,0001
1989-07-01 06:00:00,315.66226,0,0001
1989-08-01 06:00:00,314.43768,0,0001
1989-09-01 06:00:00,307.88757,0,0001
1989-10-01 06:00:00,298.85593,0,0001
1989-11-01 06:00:00,291.51654,0,0001
1989-12-01 06:00:00,290.56577,0,0001
1990-01-01 06:00:00,293.053,0,0001
1990-02-01 06:00:00,291.4109,0,0001
1990-03-01 06:00:00,293.8636,0,0001
1990-04-01 06:00:00,298.88516,0,0001
1990-05-01 06:00:00,306.47507,0,0001
1990-06-01 06:00:00,312.11182,0,0001
1990-07-01 06:00:00,317.06195,0,0001
1990-08-01 06:00:00,314.74088,0,0001
1990-09-01 06:00:00,308.20535,0,0001
1990-10-01 06:00:00,298.95624,0,0001
1990-11-01 06:00:00,293.4339,0,0001
1990-12-01 06:00:00,291.24133,0,0001
1991-01-01 06:00:00,290.92862,0,0001
1991-02-01 06:00:00,289.96548,0,0001
1991-03-01 06:00:00,291.77744,0,0001
1991-04-01 06:00:00,295.43796,0,0001
1991-05-01 06:00:00,305.37885,0,0001
1991-06-01 06:00:00,313.95993,0,0001
1991-07-01 06:00:00,316.5735,0,0001
1991-08-01 06:00:00,315.2855,0,0001
1991-09-01 06:00:00,308.97568,0,0001
1991-10-01 06:00:00,299.3397,0,0001
1991-11-01 06:00:00,292.64688,0,0001
1991-12-01 06:00:00,291.00137,0,0001
1992-01-01 06:00:00,289.98004,0,0001
1992-02-01 06:00:00,289.3899,0,0001
1992-03-01 06:00:00,291.9535,0,0001
1992-04-01 06:00:00,295.92737,0,0001
1992-05-01 06:00:00,304.10092,0,0001
1992-06-01 06:00:00,310.7441,0,0001
1992-07-01 06:00:00,313.98843,0,0001
1992-08-01 06:00:00,311.86197,0,0001
1992-09-01 06:00:00,305.68097,0,0001
1992-10-01 06:00:00,297.7051,0,0001
1992-11-01 06:00:00,291.1301,0,0001
1992-12-01 06:00:00,289.0747,0,0001
1993-01-01 06:00:00,288.5102,0,0001
1993-02-01 06:00:00,289.42807,0,0001
1993-03-01 06:00:00,288.69968,0,0001
1993-04-01 06:00:00,295.15475,0,0001
1993-05-01 06:00:00,305.21964,0,0001
1993-06-01 06:00:00,311.77225,0,0001
1993-07-01 06:00:00,315.94543,0,0001
1993-08-01 06:00:00,313.33414,0,0001
1993-09-01 06:00:00,305.8466,0,0001
1993-10-01 06:00:00,297.90143,0,0001
1993-11-01 06:00:00,292.08136,0,0001
1993-12-01 06:00:00,288.4699,0,0001
1994-01-01 06:00:00,287.23282,0,0001
1994-02-01 06:00:00,287.42416,0,0001
1994-03-01 06:00:00,289.7453,0,0001
1994-04-01 06:00:00,295.38284,0,0001
1994-05-01 06:00:00,302.99667,0,0001
1994-06-01 06:00:00,311.02628,0,0001
1994-07-01 06:00:00,314.62064,0,0001
1994-08-01 06:00:00,312.95773,0,0001
1994-09-01 06:00:00,306.2591,0,0001
1994-10-01 06:00:00,298.6883,0,0001
1994-11-01 06:00:00,292.84534,0,0001
1994-12-01 06:00:00,289.29352,0,0001
1995-01-01 06:00:00,288.32913,0,0001
1995-02-01 06:00:00,291.5989,0,0001
1995-03-01 06:00:00,290.7417,0,0001
1995-04-01 06:00:00,298.75684,0,0001
1995-05-01 06:00:00,304.4848,0,0001
1995-06-01 06:00:00,312.24094,0,0001
1995-07-01 06:00:00,316.21988,0,0001
1995-08-01 06:00:00,314.54526,0,0001
1995-09-01 06:00:00,308.09845,0,0001
1995-10-01 06:00:00,300.09778,0,0001
1995-11-01 06:00:00,292.45944,0,0001
1995-12-01 06:00:00,289.24982,0,0001
1996-01-01 06:00:00,289.3515,0,0001
1996-02-01 06:00:00,289.83008,0,0001
1996-03-01 06:00:00,291.2462,0,0001
1996-04-01 06:00:00,296.06616,0,0001
1996-05-01 06:00:00,302.68155,0,0001
1996-06-01 06:00:00,310.78168,0,0001
1996-07-01 06:00:00,314.8764,0,0001
1996-08-01 06:00:00,315.00052,0,0001
1996-09-01 06:00:00,306.98682,0,0001
1996-10-01 06:00:00,298.39365,0,0001
1996-11-01 06:00:00,295.22223,0,0001
1996-12-01 06:00:00,289.28085,0,0001
1997-01-01 06:00:00,287.858,0,0001
1997-02-01 06:00:00,288.47455,0,0001
1997-03-01 06:00:00,292.09918,0,0001
1997-04-01 06:00:00,295.11435,0,0001
1997-05-01 06:00:00,304.25214,0,0001
1997-06-01 06:00:00,312.31354,0,0001
1997-07-01 06:00:00,315.46387,0,0001
1997-08-01 06:00:00,313.0529,0,0001
1997-09-01 06:00:00,307.81995,0,0001
1997-10-01 06:00:00,301.1433,0,0001
1997-11-01 06:00:00,294.64774,0,0001
1997-12-01 06:00:00,290.77112,0,0001
1998-01-01 06:00:00,291.2304,0,0001
1998-02-01 06:00:00,290.59448,0,0001
1998-03-01 06:00:00,292.12643,0,0001
1998-04-01 06:00:00,298.00354,0,0001
1998-05-01 06:00:00,306.2968,0,0001
1998-06-01 06:00:00,315.0039,0,0001
1998-07-01 06:00:00,317.96753,0,0001
1998-08-01 06:00:00,317.02805,0,0001
1998-09-01 06:00:00,309.26712,0,0001
1998-10-01 06:00:00,299.32593,0,0001
1998-11-01 06:00:00,293.74936,0,0001
1998-12-01 06:00:00,290.1702,0,0001
1999-01-01 06:00:00,288.55048,0,0001
1999-02-01 06:00:00,289.8419,0,0001
1999-03-01 06:00:00,290.3454,0,0001
1999-04-01 06:00:00,294.36874,0,0001
1999-05-01 06:00:00,303.61838,0,0001
1999-06-01 06:00:00,310.20627,0,0001
1999-07-01 06:00:00,316.16992,0,0001
1999-08-01 06:00:00,313.4857,0,0001
1999-09-01 06:00:00,307.83862,0,0001
1999-10-01 06:00:00,299.36832,0,0001
1999-11-01 06:00:00,293.02795,0,0001
1999-12-01 06:00:00,290.06332,0,0001
2000-01-01 06:00:00,287.83594,0,0001
2000-02-01 06:00:00,289.577,0,0001
2000-03-01 06:00:00,290.90616,0,0001
2000-04-01 06:00:00,296.12698,0,0001
2000-05-01 06:00:00,304.31332,0,0001
2000-06-01 06:00:00,311.0934,0,0001
2000-07-01 06:00:00,315.49097,0,0001
2000-08-01 06:00:00,313.4237,0,0001
2000-09-01 06:00:00,306.9461,0,0001
2000-10-01 06:00:00,300.1336,0,0001
2000-11-01 06:00:00,293.19904,0,0001
2000-12-01 06:00:00,288.58188,0,0001
2001-01-01 06:00:00,288.8185,0,0001
2001-02-01 06:00:00,289.11258,0,0001
2001-03-01 06:00:00,289.82855,0,0001
2001-04-01 06:00:00,295.4832,0,0001
2001-05-01 06:00:00,304.95032,0,0001
2001-06-01 06:00:00,311.1561,0,0001
2001-07-01 06:00:00,316.4451,0,0001
2001-08-01 06:00:00,314.63696,0,0001
2001-09-01 06:00:00,308.9161,0,0001
2001-10-01 06:00:00,300.8951,0,0001
2001-11-01 06:00:00,295.28445,0,0001
2001-12-01 06:00:00,293.05722,0,0001
2002-01-01 06:00:00,291.24524,0,0001
2002-02-01 06:00:00,288.7759,0,0001
2002-03-01 06:00:00,294.4211,0,0001
2002-04-01 06:00:00,297.07095,0,0001
2002-05-01 06:00:00,305.7983,0,0001
2002-06-01 06:00:00,312.68588,0,0001
2002-07-01 06:00:00,316.39978,0,0001
2002-08-01 06:00:00,316.62808,0,0001
2002-09-01 06:00:00,309.19534,0,0001
2002-10-01 06:00:00,301.53268,0,0001
2002-11-01 06:00:00,294.85583,0,0001
2002-12-01 06:00:00,291.8672,0,0001
2003-01-01 06:00:00,290.78827,0,0001
2003-02-01 06:00:00,289.82474,0,0001
2003-03-01 06:00:00,290.4214,0,0001
2003-04-01 06:00:00,296.81668,0,0001
2003-05-01 06:00:00,304.98633,0,0001
2003-06-01 06:00:00,311.3364,0,0001
2003-07-01 06:00:00,315.90253,0,0001
2003-08-01 06:00:00,315.97845,0,0001
2003-09-01 06:00:00,309.5391,0,0001
2003-10-01 06:00:00,301.59564,0,0001
2003-11-01 06:00:00,295.01074,0,0001
2003-12-01 06:00:00,291.72534,0,0001
2004-01-01 06:00:00,290.86758,0,0001
2004-02-01 06:00:00,288.9784,0,0001
2004-03-01 06:00:00,291.85526,0,0001
2004-04-01 06:00:00,297.85425,0,0001
2004-05-01 06:00:00,304.5763,0,0001
2004-06-01 06:00:00,311.92615,0,0001
2004-07-01 06:00:00,314.98795,0,0001
2004-08-01 06:00:00,314.1632,0,0001
2004-09-01 06:00:00,309.1379,0,0001
2004-10-01 06:00:00,300.8826,0,0001
2004-11-01 06:00:00,293.73352,0,0001
2004-12-01 06:00:00,291.15768,0,0001
2005-01-01 06:00:00,293.51694,0,0001
2005-02-01 06:00:00,292.24384,0,0001
2005-03-01 06:00:00,292.21906,0,0001
2005-04-01 06:00:00,297.58362,0,0001
2005-05-01 06:00:00,306.46808,0,0001
2005-06-01 06:00:00,314.41562,0,0001
2005-07-01 06:00:00,317.31372,0,0001
2005-08-01 06:00:00,316.0167,0,0001
2005-09-01 06:00:00,310.05222,0,0001
2005-10-01 06:00:00,303.06528,0,0001
2005-11-01 06:00:00,295.41556,0,0001
2005-12-01 06:00:00,292.5226,0,0001
2006-01-01 06:00:00,293.22153,0,0001
2006-02-01 06:00:00,291.57025,0,0001
2006-03-01 06:00:00,291.63086,0,0001
2006-04-01 06:00:00,298.45673,0,0001
2006-05-01 06:00:00,305.135,0,0001
2006-06-01 06:00:00,312.5612,0,0001
2006-07-01 06:00:00,316.50824,0,0001
2006-08-01 06:00:00,315.03662,0,0001
2006-09-01 06:00:00,308.91843,0,0001
2006-10-01 06:00:00,302.56235,0,0001
2006-11-01 06:00:00,296.03827,0,0001
2006-12-01 06:00:00,291.68494,0,0001
2007-01-01 06:00:00,292.21124,0,0001
2007-02-01 06:00:00,291.09662,0,0001
2007-03-01 06:00:00,292.45752,0,0001
2007-04-01 06:00:00,299.20935,0,0001
2007-05-01 06:00:00,305.05878,0,0001
2007-06-01 06:00:00,313.7517,0,0001
2007-07-01 06:00:00,317.093,0,0001
2007-08-01 06:00:00,315.98938,0,0001
2007-09-01 06:00:00,308.59238,0,0001
2007-10-01 06:00:00,301.3708,0,0001
2007-11-01 06:00:00,293.98895,0,0001
2007-12-01 06:00:00,292.05276,0,0001
2008-01-01 06:00:00,289.0873,0,0001
2008-02-01 06:00:00,288.898,0,0001
2008-03-01 06:00:00,291.25153,0,0001
2008-04-01 06:00:00,297.04272,0,0001
2008-05-01 06:00:00,304.63895,0,0001
2008-06-01 06:00:00,310.98676,0,0001
2008-07-01 06:00:00,315.87094,0,0001
2008-08-01 06:00:00,314.6629,0,0001
2008-09-01 06:00:00,309.82947,0,0001
2008-10-01 06:00:00,300.30383,0,0001
2008-11-01 06:00:00,295.0916,0,0001
2008-12-01 06:00:00,291.03748,0,0001
2009-01-01 06:00:00,291.70096,0,0001
2009-02-01 06:00:00,289.97437,0,0001
2009-03-01 06:00:00,291.5286,0,0001
2009-04-01 06:00:00,295.85233,0,0001
2009-05-01 06:00:00,305.3909,0,0001
2009-06-01 06:00:00,312.33447,0,0001
2009-07-01 06:00:00,317.4697,0,0001
2009-08-01 06:00:00,315.06815,0,0001
2009-09-01 06:00:00,309.8888,0,0001
2009-10-01 06:00:00,302.419,0,0001
2009-11-01 06:00:00,296.52066,0,0001
2009-12-01 06:00:00,292.23782,0,0001
2010-01-01 06:00:00,291.21548,0,0001
2010-02-01 06:00:00,292.66122,0,0001
2010-03-01 06:00:00,293.69165,0,0001
2010-04-01 06:00:00,299.761,0,0001
2010-05-01 06:00:00,307.55414,0,0001
2010-06-01 06:00:00,314.3219,0,0001
2010-07-01 06:00:00,318.02393,0,0001
2010-08-01 06:00:00,316.8569,0,0001
2010-09-01 06:00:00,310.3657,0,0001
2010-10-01 06:00:00,302.3557,0,0001
2010-11-01 06:00:00,294.85764,0,0001
2010-12-01 06:00:00,290.88547,0,0001
2011-01-01 06:00:00,290.9437,0,0001
2011-02-01 06:00:00,290.63275,0,0001
2011-03-01 06:00:00,292.68796,0,0001
2011-04-01 06:00:00,298.13852,0,0001
2011-05-01 06:00:00,305.32666,0,0001
2011-06-01 06:00:00,314.22064,0,0001
2011-07-01 06:00:00,318.60675,0,0001
2011-08-01 06:00:00,316.66168,0,0001
2011-09-01 06:00:00,308.4826,0,0001
2011-10-01 06:00:00,301.5075,0,0001
2011-11-01 06:00:00,294.15317,0,0001
2011-12-01 06:00:00,291.9055,0,0001
2012-01-01 06:00:00,290.11346,0,0001
2012-02-01 06:00:00,291.0094,0,0001
2012-03-01 06:00:00,292.5441,0,0001
2012-04-01 06:00:00,298.42923,0,0001
2012-05-01 06:00:00,306.53107,0,0001
2012-06-01 06:00:00,314.26535,0,0001
2012-07-01 06:00:00,317.4974,0,0001
2012-08-01 06:00:00,315.76193,0,0001
2012-09-01 06:00:00,310.10098,0,0001
2012-10-01 06:00:00,302.294,0,0001
2012-11-01 06:00:00,296.932,0,0001
2012-12-01 06:00:00,292.4685,0,0001
2013-01-01 06:00:00,292.77435,0,0001
2013-02-01 06:00:00,290.6053,0,0001
2013-03-01 06:00:00,292.57077,0,0001
2013-04-01 06:00:00,298.29083,0,0001
2013-05-01 06:00:00,304.80453,0,0001
2013-06-01 06:00:00,313.1679,0,0001
2013-07-01 06:00:00,317.2811,0,0001
2013-08-01 06:00:00,315.087,0,0001
2013-09-01 06:00:00,310.70215,0,0001
2013-10-01 06:00:00,300.88495,0,0001
2013-11-01 06:00:00,295.22528,0,0001
2013-12-01 06:00:00,293.30096,0,0001
2014-01-01 06:00:00,291.99356,0,0001
2014-02-01 06:00:00,291.8276,0,0001
2014-03-01 06:00:00,294.05127,0,0001
2014-04-01 06:00:00,298.6721,0,0001
2014-05-01 06:00:00,306.64194,0,0001
2014-06-01 06:00:00,312.8677,0,0001
2014-07-01 06:00:00,317.45856,0,0001
2014-08-01 06:00:00,316.49066,0,0001
2014-09-01 06:00:00,309.98932,0,0001
2014-10-01 06:00:00,302.5952,0,0001
2014-11-01 06:00:00,294.8758,0,0001
2014-12-01 06:00:00,292.86288,0,0001
2015-01-01 06:00:00,291.72046,0,0001
2015-02-01 06:00:00,292.68033,0,0001
2015-03-01 06:00:00,294.78778,0,0001
2015-04-01 06:00:00,299.0212,0,0001
2015-05-01 06:00:00,306.17746,0,0001
2015-06-01 06:00:00,314.02576,0,0001
2015-07-01 06:00:00,317.79962,0,0001
2015-08-01 06:00:00,316.7354,0,0001
2015-09-01 06:00:00,310.00623,0,0001
2015-10-01 06:00:00,303.8649,0,0001
2015-11-01 06:00:00,297.40942,0,0001
2015-12-01 06:00:00,294.1493,0,0001
2016-01-01 06:00:00,294.9932,0,0001
2016-02-01 06:00:00,295.03928,0,0001
2016-03-01 06:00:00,296.79004,0,0001
2016-04-01 06:00:00,301.49295,0,0001
2016-05-01 06:00:00,308.9578,0,0001
2016-06-01 06:00:00,314.80524,0,0001
2016-07-01 06:00:00,319.7013,0,0001
2016-08-01 06:00:00,316.92947,0,0001
2016-09-01 06:00:00,312.08502,0,0001
2016-10-01 06:00:00,305.35162,0,0001
2016-11-01 06:00:00,299.68527,0,0001
2016-12-01 06:00:00,295.21393,0,0001
2017-01-01 06:00:00,293.7386,0,0001
2017-02-01 06:00:00,294.39874,0,0001
2017-03-01 06:00:00,296.2892,0,0001
2017-04-01 06:00:00,299.70468,0,0001
2017-05-01 06:00:00,307.92468,0,0001
2017-06-01 06:00:00,313.67224,0,0001
2017-07-01 06:00:00,317.3507,0,0001
2017-08-01 06:00:00,317.51743,0,0001
2017-09-01 06:00:00,311.11868,0,0001
2017-10-01 06:00:00,304.87787,0,0001
2017-11-01 06:00:00,297.35492,0,0001
2017-12-01 06:00:00,294.13434,0,0001
2018-01-01 06:00:00,292.59497,0,0001
2018-02-01 06:00:00,295.40216,0,0001
2018-03-01 06:00:00,293.55643,0,0001
2018-04-01 06:00:00,299.09045,0,0001
2018-05-01 06:00:00,307.19617,0,0001
2018-06-01 06:00:00,314.4806,0,0001
2018-07-01 06:00:00,317.92014,0,0001
2018-08-01 06:00:00,317.39352,0,0001
2018-09-01 06:00:00,310.17505,0,0001
2018-10-01 06:00:00,305.06503,0,0001
2018-11-01 06:00:00,296.91858,0,0001
2018-12-01 06:00:00,294.0726,0,0001
2019-01-01 06:00:00,291.64178,0,0001
2019-02-01 06:00:00,292.91214,0,0001
2019-03-01 06:00:00,295.0112,0,0001
2019-04-01 06:00:00,300.79074,0,0001
2019-05-01 06:00:00,308.71204,0,0001
2019-06-01 06:00:00,316.22104,0,0001
2019-07-01 06:00:00,319.5732,0,0001
2019-08-01 06:00:00,318.23514,0,0001
2019-09-01 06:00:00,312.25143,0,0001
2019-10-01 06:00:00,304.56534,0,0001
2019-11-01 06:00:00,297.85312,0,0001
2019-12-01 06:00:00,295.81378,0,0001
2020-01-01 06:00:00,294.5281,0,0001
2020-02-01 06:00:00,294.3825,0,0001
2020-03-01 06:00:00,295.24194,0,0001
2020-04-01 06:00:00,301.08475,0,0001
2020-05-01 06:00:00,308.66962,0,0001
2020-06-01 06:00:00,316.17136,0,0001
2020-07-01 06:00:00,320.07553,0,0001
2020-08-01 06:00:00,317.3505,0,0001
2020-09-01 06:00:00,312.17712,0,0001
2020-10-01 06:00:00,303.86148,0,0001
2020-11-01 06:00:00,299.5807,0,0001
2020-12-01 06:00:00,293.9651,0,0001
2021-01-01 06:00:00,291.95795,0,0001
2021-02-01 06:00:00,291.3696,0,0001
2021-03-01 06:00:00,292.49374,0,0001
2021-04-01 06:00:00,297.74307,0,0001
2021-05-01 06:00:00,306.89035,0,0001
2021-06-01 06:00:00,313.42532,0,0001
2021-07-01 06:00:00,318.9568,0,0001
2021-08-01 06:00:00,317.00772,0,0001
2021-09-01 06:00:00,311.6725,0,0001
2021-10-01 06:00:00,303.28207,0,0001
2021-11-01 06:00:00,296.13498,0,0001
2021-12-01 06:00:00,293.4212,0,0001
2022-01-01 06:00:00,292.71744,0,0001
2022-02-01 06:00:00,292.68988,0,0001
2022-03-01 06:00:00,294.2894,0,0001
2022-04-01 06:00:00,298.09332,0,0001
2022-05-01 06:00:00,306.28442,0,0001
2022-06-01 06:00:00,314.17368,0,0001
2022-07-01 06:00:00,319.5436,0,0001
2022-08-01 06:00:00,318.42963,0,0001
2022-09-01 06:00:00,311.8554,0,0001
2022-10-01 06:00:00,303.63666,0,0001
2022-11-01 06:00:00,296.05945,0,0001
2022-12-01 06:00:00,293.72202,0,0001
2023-01-01 06:00:00,291.7449,0,0001
2023-02-01 06:00:00,292.02545,0,0001
2023-03-01 06:00:00,295.19556,0,0001
2023-04-01 06:00:00,298.61853,0,0001
2023-05-01 06:00:00,307.16537,0,0001
2023-06-01 06:00:00,315.57516,0,0001
2023-07-01 06:00:00,321.01254,0,0001
2023-08-01 06:00:00,319.53757,0,0001
2023-09-01 06:00:00,315.25092,0,0001
2023-10-01 06:00:00,305.91855,0,0001
2023-11-01 06:00:00,300.30917,0,0001
2023-12-01 06:00:00,297.6464,0,0001
2024-01-01 06:00:00,294.80417,0,0001
2024-02-01 06:00:00,297.3046,0,0001
2024-03-01 06:00:00,296.96237,0,0001
2024-04-01 06:00:00,301.31778,0,0001
2024-05-01 06:00:00,309.2275,0,0001
2024-06-01 06:00:00,318.08414,0,0001
2024-07-01 06:00:00,321.21503,0,0001
2024-08-01 06:00:00,319.39185,0,0001
2024-09-01 06:00:00,313.9077,0,0001
2024-10-01 06:00:00,307.16388,0,0001
2024-11-01 06:00:00,299.4074,0,0001
2024-12-01 06:00:00,296.39536,0,0001
2025-01-01 06:00:00,294.42166,0,0001
2025-02-01 06:00:00,297.01022,0,0001
2025-03-01 06:00:00,296.15814,0,0001
2025-04-01 06:00:00,301.99362,0,0001
2025-05-01 06:00:00,309.10638,0,0001
2025-06-01 06:00:00,316.1315,0,0001
2025-07-01 06:00:00,319.65482,0,0001
2025-08-01 06:00:00,318.90375,0,0001
2025-09-01 06:00:00,314.0551,0,0001
2025-10-01 06:00:00,306.81747,0,0001
2025-11-01 06:00:00,298.55338,0,0001
2025-12-01 06:00:00,295.37354,0,0001
2026-01-01 06:00:00,294.36176,0,0001
2026-02-01 06:00:00,292.93695,0,0001
2026-03-01 06:00:00,297.64737,0,0005
2026-04-01 06:00:00,301.03958,0,0005
