valid_time,avg_sdswrf,number,expver
1940-01-01 06:00:00,186.73044,0,0001
1940-02-01 06:00:00,169.79773,0,0001
1940-03-01 06:00:00,156.30013,0,0001
1940-04-01 06:00:00,159.72754,0,0001
1940-05-01 06:00:00,166.22583,0,0001
1940-06-01 06:00:00,162.72766,0,0001
1940-07-01 06:00:00,154.71042,0,0001
1940-08-01 06:00:00,149.20372,0,0001
1940-09-01 06:00:00,148.4142,0,0001
1940-10-01 06:00:00,161.39786,0,0001
1940-11-01 06:00:00,182.929,0,0001
1940-12-01 06:00:00,193.87598,0,0001
1941-01-01 06:00:00,186.655,0,0001
1941-02-01 06:00:00,169.44241,0,0001
1941-03-01 06:00:00,156.7866,0,0001
1941-04-01 06:00:00,159.7401,0,0001
1941-05-01 06:00:00,166.08662,0,0001
1941-06-01 06:00:00,163.55919,0,0001
1941-07-01 06:00:00,154.66493,0,0001
1941-08-01 06:00:00,148.13312,0,0001
1941-09-01 06:00:00,148.34293,0,0001
1941-10-01 06:00:00,161.69832,0,0001
1941-11-01 06:00:00,182.29208,0,0001
1941-12-01 06:00:00,193.57144,0,0001
1942-01-01 06:00:00,186.93016,0,0001
1942-02-01 06:00:00,170.05724,0,0001
1942-03-01 06:00:00,157.56895,0,0001
1942-04-01 06:00:00,161.1841,0,0001
1942-05-01 06:00:00,165.73103,0,0001
1942-06-01 06:00:00,162.77336,0,0001
1942-07-01 06:00:00,154.96942,0,0001
1942-08-01 06:00:00,147.50192,0,0001
1942-09-01 06:00:00,149.00371,0,0001
1942-10-01 06:00:00,162.06021,0,0001
1942-11-01 06:00:00,182.94318,0,0001
1942-12-01 06:00:00,192.74718,0,0001
1943-01-01 06:00:00,186.86003,0,0001
1943-02-01 06:00:00,169.6356,0,0001
1943-03-01 06:00:00,156.37234,0,0001
1943-04-01 06:00:00,159.95032,0,0001
1943-05-01 06:00:00,165.8007,0,0001
1943-06-01 06:00:00,162.19073,0,0001
1943-07-01 06:00:00,155.00803,0,0001
1943-08-01 06:00:00,148.6466,0,0001
1943-09-01 06:00:00,147.60704,0,0001
1943-10-01 06:00:00,161.99986,0,0001
1943-11-01 06:00:00,182.43903,0,0001
1943-12-01 06:00:00,191.18617,0,0001
1944-01-01 06:00:00,185.6482,0,0001
1944-02-01 06:00:00,168.59102,0,0001
1944-03-01 06:00:00,156.32898,0,0001
1944-04-01 06:00:00,159.99094,0,0001
1944-05-01 06:00:00,166.53317,0,0001
1944-06-01 06:00:00,161.52522,0,0001
1944-07-01 06:00:00,152.35419,0,0001
1944-08-01 06:00:00,147.78206,0,0001
1944-09-01 06:00:00,147.16043,0,0001
1944-10-01 06:00:00,160.86967,0,0001
1944-11-01 06:00:00,181.13548,0,0001
1944-12-01 06:00:00,191.36613,0,0001
1945-01-01 06:00:00,186.64279,0,0001
1945-02-01 06:00:00,169.64027,0,0001
1945-03-01 06:00:00,156.92294,0,0001
1945-04-01 06:00:00,160.02983,0,0001
1945-05-01 06:00:00,166.7068,0,0001
1945-06-01 06:00:00,162.8773,0,0001
1945-07-01 06:00:00,155.01303,0,0001
1945-08-01 06:00:00,148.33551,0,0001
1945-09-01 06:00:00,147.35796,0,0001
1945-10-01 06:00:00,161.84793,0,0001
1945-11-01 06:00:00,181.44728,0,0001
1945-12-01 06:00:00,192.36577,0,0001
1946-01-01 06:00:00,186.0791,0,0001
1946-02-01 06:00:00,169.39459,0,0001
1946-03-01 06:00:00,156.8459,0,0001
1946-04-01 06:00:00,160.82549,0,0001
1946-05-01 06:00:00,166.17761,0,0001
1946-06-01 06:00:00,164.05318,0,0001
1946-07-01 06:00:00,155.26941,0,0001
1946-08-01 06:00:00,149.25618,0,0001
1946-09-01 06:00:00,148.4964,0,0001
1946-10-01 06:00:00,162.38408,0,0001
1946-11-01 06:00:00,181.1208,0,0001
1946-12-01 06:00:00,192.57468,0,0001
1947-01-01 06:00:00,186.09085,0,0001
1947-02-01 06:00:00,169.83093,0,0001
1947-03-01 06:00:00,156.79565,0,0001
1947-04-01 06:00:00,159.9921,0,0001
1947-05-01 06:00:00,166.08772,0,0001
1947-06-01 06:00:00,162.21266,0,0001
1947-07-01 06:00:00,154.30714,0,0001
1947-08-01 06:00:00,148.69173,0,0001
1947-09-01 06:00:00,147.76443,0,0001
1947-10-01 06:00:00,160.85135,0,0001
1947-11-01 06:00:00,181.21225,0,0001
1947-12-01 06:00:00,192.40544,0,0001
1948-01-01 06:00:00,186.61877,0,0001
1948-02-01 06:00:00,168.10876,0,0001
1948-03-01 06:00:00,156.45526,0,0001
1948-04-01 06:00:00,160.30908,0,0001
1948-05-01 06:00:00,166.36734,0,0001
1948-06-01 06:00:00,163.79893,0,0001
1948-07-01 06:00:00,155.53143,0,0001
1948-08-01 06:00:00,148.78862,0,0001
1948-09-01 06:00:00,148.66153,0,0001
1948-10-01 06:00:00,162.1815,0,0001
1948-11-01 06:00:00,182.23372,0,0001
1948-12-01 06:00:00,191.4916,0,0001
1949-01-01 06:00:00,184.81891,0,0001
1949-02-01 06:00:00,168.20114,0,0001
1949-03-01 06:00:00,155.55772,0,0001
1949-04-01 06:00:00,160.2882,0,0001
1949-05-01 06:00:00,165.60269,0,0001
1949-06-01 06:00:00,166.27338,0,0001
1949-07-01 06:00:00,154.66031,0,0001
1949-08-01 06:00:00,149.34709,0,0001
1949-09-01 06:00:00,149.13377,0,0001
1949-10-01 06:00:00,160.9524,0,0001
1949-11-01 06:00:00,182.06549,0,0001
1949-12-01 06:00:00,192.93413,0,0001
1950-01-01 06:00:00,185.50107,0,0001
1950-02-01 06:00:00,170.14243,0,0001
1950-03-01 06:00:00,156.89479,0,0001
1950-04-01 06:00:00,160.55612,0,0001
1950-05-01 06:00:00,167.13878,0,0001
1950-06-01 06:00:00,165.12483,0,0001
1950-07-01 06:00:00,156.14038,0,0001
1950-08-01 06:00:00,150.10522,0,0001
1950-09-01 06:00:00,148.74548,0,0001
1950-10-01 06:00:00,162.2619,0,0001
1950-11-01 06:00:00,181.72287,0,0001
1950-12-01 06:00:00,191.63008,0,0001
1951-01-01 06:00:00,184.31174,0,0001
1951-02-01 06:00:00,169.3176,0,0001
1951-03-01 06:00:00,155.44164,0,0001
1951-04-01 06:00:00,160.68405,0,0001
1951-05-01 06:00:00,166.06883,0,0001
1951-06-01 06:00:00,164.3355,0,0001
1951-07-01 06:00:00,155.90419,0,0001
1951-08-01 06:00:00,149.29745,0,0001
1951-09-01 06:00:00,149.10542,0,0001
1951-10-01 06:00:00,160.05046,0,0001
1951-11-01 06:00:00,181.64453,0,0001
1951-12-01 06:00:00,191.46202,0,0001
1952-01-01 06:00:00,185.02385,0,0001
1952-02-01 06:00:00,168.6817,0,0001
1952-03-01 06:00:00,155.8803,0,0001
1952-04-01 06:00:00,160.56876,0,0001
1952-05-01 06:00:00,165.77985,0,0001
1952-06-01 06:00:00,162.9249,0,0001
1952-07-01 06:00:00,155.32552,0,0001
1952-08-01 06:00:00,148.43172,0,0001
1952-09-01 06:00:00,148.88774,0,0001
1952-10-01 06:00:00,162.38904,0,0001
1952-11-01 06:00:00,182.58525,0,0001
1952-12-01 06:00:00,191.18091,0,0001
1953-01-01 06:00:00,185.32455,0,0001
1953-02-01 06:00:00,167.27908,0,0001
1953-03-01 06:00:00,155.84904,0,0001
1953-04-01 06:00:00,159.57997,0,0001
1953-05-01 06:00:00,165.77803,0,0001
1953-06-01 06:00:00,163.50296,0,0001
1953-07-01 06:00:00,156.50322,0,0001
1953-08-01 06:00:00,149.37482,0,0001
1953-09-01 06:00:00,149.03577,0,0001
1953-10-01 06:00:00,161.94203,0,0001
1953-11-01 06:00:00,181.97246,0,0001
1953-12-01 06:00:00,189.5772,0,0001
1954-01-01 06:00:00,185.29837,0,0001
1954-02-01 06:00:00,169.76498,0,0001
1954-03-01 06:00:00,156.46384,0,0001
1954-04-01 06:00:00,159.39745,0,0001
1954-05-01 06:00:00,166.32027,0,0001
1954-06-01 06:00:00,163.61505,0,0001
1954-07-01 06:00:00,155.43573,0,0001
1954-08-01 06:00:00,148.07262,0,0001
1954-09-01 06:00:00,148.67271,0,0001
1954-10-01 06:00:00,161.47343,0,0001
1954-11-01 06:00:00,182.19711,0,0001
1954-12-01 06:00:00,192.99852,0,0001
1955-01-01 06:00:00,185.23067,0,0001
1955-02-01 06:00:00,168.17128,0,0001
1955-03-01 06:00:00,156.77289,0,0001
1955-04-01 06:00:00,160.20937,0,0001
1955-05-01 06:00:00,167.24707,0,0001
1955-06-01 06:00:00,164.75563,0,0001
1955-07-01 06:00:00,156.15225,0,0001
1955-08-01 06:00:00,149.2927,0,0001
1955-09-01 06:00:00,148.428,0,0001
1955-10-01 06:00:00,161.30519,0,0001
1955-11-01 06:00:00,181.93274,0,0001
1955-12-01 06:00:00,192.2375,0,0001
1956-01-01 06:00:00,184.40274,0,0001
1956-02-01 06:00:00,169.92845,0,0001
1956-03-01 06:00:00,156.29648,0,0001
1956-04-01 06:00:00,161.22815,0,0001
1956-05-01 06:00:00,167.63168,0,0001
1956-06-01 06:00:00,166.1088,0,0001
1956-07-01 06:00:00,157.18199,0,0001
1956-08-01 06:00:00,149.48116,0,0001
1956-09-01 06:00:00,149.5402,0,0001
1956-10-01 06:00:00,161.8663,0,0001
1956-11-01 06:00:00,182.46352,0,0001
1956-12-01 06:00:00,191.94493,0,0001
1957-01-01 06:00:00,185.76521,0,0001
1957-02-01 06:00:00,168.70033,0,0001
1957-03-01 06:00:00,155.77315,0,0001
1957-04-01 06:00:00,160.1848,0,0001
1957-05-01 06:00:00,165.82951,0,0001
1957-06-01 06:00:00,165.70836,0,0001
1957-07-01 06:00:00,156.5535,0,0001
1957-08-01 06:00:00,150.42604,0,0001
1957-09-01 06:00:00,148.41405,0,0001
1957-10-01 06:00:00,160.97794,0,0001
1957-11-01 06:00:00,181.29733,0,0001
1957-12-01 06:00:00,191.55371,0,0001
1958-01-01 06:00:00,184.45613,0,0001
1958-02-01 06:00:00,168.1264,0,0001
1958-03-01 06:00:00,156.1985,0,0001
1958-04-01 06:00:00,161.40218,0,0001
1958-05-01 06:00:00,167.01974,0,0001
1958-06-01 06:00:00,164.98996,0,0001
1958-07-01 06:00:00,156.22351,0,0001
1958-08-01 06:00:00,149.43942,0,0001
1958-09-01 06:00:00,148.63977,0,0001
1958-10-01 06:00:00,161.29626,0,0001
1958-11-01 06:00:00,181.00723,0,0001
1958-12-01 06:00:00,192.60309,0,0001
1959-01-01 06:00:00,185.53082,0,0001
1959-02-01 06:00:00,168.9111,0,0001
1959-03-01 06:00:00,156.09772,0,0001
1959-04-01 06:00:00,159.62256,0,0001
1959-05-01 06:00:00,166.34554,0,0001
1959-06-01 06:00:00,165.78125,0,0001
1959-07-01 06:00:00,156.48856,0,0001
1959-08-01 06:00:00,149.00891,0,0001
1959-09-01 06:00:00,149.0974,0,0001
1959-10-01 06:00:00,160.92973,0,0001
1959-11-01 06:00:00,181.87332,0,0001
1959-12-01 06:00:00,190.60175,0,0001
1960-01-01 06:00:00,184.61264,0,0001
1960-02-01 06:00:00,168.81096,0,0001
1960-03-01 06:00:00,156.30493,0,0001
1960-04-01 06:00:00,160.89183,0,0001
1960-05-01 06:00:00,166.80566,0,0001
1960-06-01 06:00:00,164.26685,0,0001
1960-07-01 06:00:00,156.22496,0,0001
1960-08-01 06:00:00,148.38605,0,0001
1960-09-01 06:00:00,148.25818,0,0001
1960-10-01 06:00:00,161.42342,0,0001
1960-11-01 06:00:00,182.33707,0,0001
1960-12-01 06:00:00,192.10396,0,0001
1961-01-01 06:00:00,184.18115,0,0001
1961-02-01 06:00:00,169.30002,0,0001
1961-03-01 06:00:00,156.21681,0,0001
1961-04-01 06:00:00,159.74344,0,0001
1961-05-01 06:00:00,167.08905,0,0001
1961-06-01 06:00:00,165.05225,0,0001
1961-07-01 06:00:00,156.18933,0,0001
1961-08-01 06:00:00,148.43973,0,0001
1961-09-01 06:00:00,148.25224,0,0001
1961-10-01 06:00:00,161.27496,0,0001
1961-11-01 06:00:00,181.86378,0,0001
1961-12-01 06:00:00,191.85661,0,0001
1962-01-01 06:00:00,184.90987,0,0001
1962-02-01 06:00:00,169.51605,0,0001
1962-03-01 06:00:00,156.33965,0,0001
1962-04-01 06:00:00,160.29045,0,0001
1962-05-01 06:00:00,167.05489,0,0001
1962-06-01 06:00:00,164.9861,0,0001
1962-07-01 06:00:00,157.12198,0,0001
1962-08-01 06:00:00,150.57283,0,0001
1962-09-01 06:00:00,148.85666,0,0001
1962-10-01 06:00:00,161.27954,0,0001
1962-11-01 06:00:00,181.64926,0,0001
1962-12-01 06:00:00,191.60661,0,0001
1963-01-01 06:00:00,184.04495,0,0001
1963-02-01 06:00:00,168.79205,0,0001
1963-03-01 06:00:00,156.06123,0,0001
1963-04-01 06:00:00,159.52574,0,0001
1963-05-01 06:00:00,165.91615,0,0001
1963-06-01 06:00:00,164.97174,0,0001
1963-07-01 06:00:00,155.46164,0,0001
1963-08-01 06:00:00,148.44118,0,0001
1963-09-01 06:00:00,146.91824,0,0001
1963-10-01 06:00:00,159.72533,0,0001
1963-11-01 06:00:00,178.89511,0,0001
1963-12-01 06:00:00,188.27965,0,0001
1964-01-01 06:00:00,182.28484,0,0001
1964-02-01 06:00:00,166.61057,0,0001
1964-03-01 06:00:00,154.29355,0,0001
1964-04-01 06:00:00,159.10234,0,0001
1964-05-01 06:00:00,166.7139,0,0001
1964-06-01 06:00:00,165.0948,0,0001
1964-07-01 06:00:00,155.48082,0,0001
1964-08-01 06:00:00,146.75597,0,0001
1964-09-01 06:00:00,146.71405,0,0001
1964-10-01 06:00:00,160.01785,0,0001
1964-11-01 06:00:00,180.38763,0,0001
1964-12-01 06:00:00,189.93268,0,0001
1965-01-01 06:00:00,183.28188,0,0001
1965-02-01 06:00:00,167.61226,0,0001
1965-03-01 06:00:00,154.82771,0,0001
1965-04-01 06:00:00,159.4545,0,0001
1965-05-01 06:00:00,166.64674,0,0001
1965-06-01 06:00:00,164.39528,0,0001
1965-07-01 06:00:00,156.14998,0,0001
1965-08-01 06:00:00,148.59921,0,0001
1965-09-01 06:00:00,147.41228,0,0001
1965-10-01 06:00:00,160.58565,0,0001
1965-11-01 06:00:00,180.26344,0,0001
1965-12-01 06:00:00,190.22356,0,0001
1966-01-01 06:00:00,184.139,0,0001
1966-02-01 06:00:00,166.57852,0,0001
1966-03-01 06:00:00,155.43552,0,0001
1966-04-01 06:00:00,159.66367,0,0001
1966-05-01 06:00:00,167.519,0,0001
1966-06-01 06:00:00,165.74469,0,0001
1966-07-01 06:00:00,154.88835,0,0001
1966-08-01 06:00:00,148.53717,0,0001
1966-09-01 06:00:00,148.1351,0,0001
1966-10-01 06:00:00,160.024,0,0001
1966-11-01 06:00:00,180.0531,0,0001
1966-12-01 06:00:00,190.8833,0,0001
1967-01-01 06:00:00,185.00429,0,0001
1967-02-01 06:00:00,168.15002,0,0001
1967-03-01 06:00:00,155.44739,0,0001
1967-04-01 06:00:00,158.91983,0,0001
1967-05-01 06:00:00,166.27382,0,0001
1967-06-01 06:00:00,164.17561,0,0001
1967-07-01 06:00:00,155.40053,0,0001
1967-08-01 06:00:00,148.74216,0,0001
1967-09-01 06:00:00,148.10866,0,0001
1967-10-01 06:00:00,159.70688,0,0001
1967-11-01 06:00:00,181.84018,0,0001
1967-12-01 06:00:00,191.00201,0,0001
1968-01-01 06:00:00,184.02434,0,0001
1968-02-01 06:00:00,166.6736,0,0001
1968-03-01 06:00:00,154.90204,0,0001
1968-04-01 06:00:00,159.89963,0,0001
1968-05-01 06:00:00,166.7007,0,0001
1968-06-01 06:00:00,165.32968,0,0001
1968-07-01 06:00:00,154.07518,0,0001
1968-08-01 06:00:00,148.24608,0,0001
1968-09-01 06:00:00,147.99084,0,0001
1968-10-01 06:00:00,160.38272,0,0001
1968-11-01 06:00:00,180.28114,0,0001
1968-12-01 06:00:00,190.90715,0,0001
1969-01-01 06:00:00,184.14172,0,0001
1969-02-01 06:00:00,166.5228,0,0001
1969-03-01 06:00:00,154.64452,0,0001
1969-04-01 06:00:00,158.71257,0,0001
1969-05-01 06:00:00,165.27954,0,0001
1969-06-01 06:00:00,162.3907,0,0001
1969-07-01 06:00:00,155.93205,0,0001
1969-08-01 06:00:00,148.24823,0,0001
1969-09-01 06:00:00,146.86687,0,0001
1969-10-01 06:00:00,160.74065,0,0001
1969-11-01 06:00:00,181.54562,0,0001
1969-12-01 06:00:00,190.5613,0,0001
1970-01-01 06:00:00,185.0978,0,0001
1970-02-01 06:00:00,168.3966,0,0001
1970-03-01 06:00:00,155.64726,0,0001
1970-04-01 06:00:00,159.99072,0,0001
1970-05-01 06:00:00,165.41844,0,0001
1970-06-01 06:00:00,164.08716,0,0001
1970-07-01 06:00:00,155.32454,0,0001
1970-08-01 06:00:00,147.2574,0,0001
1970-09-01 06:00:00,147.36322,0,0001
1970-10-01 06:00:00,160.64911,0,0001
1970-11-01 06:00:00,181.91104,0,0001
1970-12-01 06:00:00,191.01088,0,0001
1971-01-01 06:00:00,184.71692,0,0001
1971-02-01 06:00:00,168.33836,0,0001
1971-03-01 06:00:00,155.75052,0,0001
1971-04-01 06:00:00,159.01544,0,0001
1971-05-01 06:00:00,165.78343,0,0001
1971-06-01 06:00:00,163.6436,0,0001
1971-07-01 06:00:00,154.2824,0,0001
1971-08-01 06:00:00,148.06946,0,0001
1971-09-01 06:00:00,147.14516,0,0001
1971-10-01 06:00:00,161.58615,0,0001
1971-11-01 06:00:00,180.88055,0,0001
1971-12-01 06:00:00,191.07414,0,0001
1972-01-01 06:00:00,186.43617,0,0001
1972-02-01 06:00:00,168.3914,0,0001
1972-03-01 06:00:00,156.03687,0,0001
1972-04-01 06:00:00,159.47868,0,0001
1972-05-01 06:00:00,166.30775,0,0001
1972-06-01 06:00:00,164.46733,0,0001
1972-07-01 06:00:00,154.09256,0,0001
1972-08-01 06:00:00,147.84506,0,0001
1972-09-01 06:00:00,146.78189,0,0001
1972-10-01 06:00:00,160.02768,0,0001
1972-11-01 06:00:00,181.30872,0,0001
1972-12-01 06:00:00,191.30177,0,0001
1973-01-01 06:00:00,184.25056,0,0001
1973-02-01 06:00:00,167.3807,0,0001
1973-03-01 06:00:00,153.90846,0,0001
1973-04-01 06:00:00,157.6889,0,0001
1973-05-01 06:00:00,165.66504,0,0001
1973-06-01 06:00:00,162.79784,0,0001
1973-07-01 06:00:00,154.58484,0,0001
1973-08-01 06:00:00,147.18721,0,0001
1973-09-01 06:00:00,146.76709,0,0001
1973-10-01 06:00:00,160.91321,0,0001
1973-11-01 06:00:00,182.21716,0,0001
1973-12-01 06:00:00,191.8358,0,0001
1974-01-01 06:00:00,185.14023,0,0001
1974-02-01 06:00:00,167.99182,0,0001
1974-03-01 06:00:00,154.50986,0,0001
1974-04-01 06:00:00,158.7426,0,0001
1974-05-01 06:00:00,165.53091,0,0001
1974-06-01 06:00:00,165.54433,0,0001
1974-07-01 06:00:00,154.57532,0,0001
1974-08-01 06:00:00,148.40816,0,0001
1974-09-01 06:00:00,147.17271,0,0001
1974-10-01 06:00:00,161.62582,0,0001
1974-11-01 06:00:00,182.29599,0,0001
1974-12-01 06:00:00,190.505,0,0001
1975-01-01 06:00:00,185.15971,0,0001
1975-02-01 06:00:00,167.91313,0,0001
1975-03-01 06:00:00,154.46805,0,0001
1975-04-01 06:00:00,156.97781,0,0001
1975-05-01 06:00:00,165.05054,0,0001
1975-06-01 06:00:00,162.55759,0,0001
1975-07-01 06:00:00,155.13237,0,0001
1975-08-01 06:00:00,147.64096,0,0001
1975-09-01 06:00:00,146.96843,0,0001
1975-10-01 06:00:00,159.68463,0,0001
1975-11-01 06:00:00,181.50644,0,0001
1975-12-01 06:00:00,192.47324,0,0001
1976-01-01 06:00:00,185.96968,0,0001
1976-02-01 06:00:00,168.2342,0,0001
1976-03-01 06:00:00,154.85443,0,0001
1976-04-01 06:00:00,159.03339,0,0001
1976-05-01 06:00:00,165.52466,0,0001
1976-06-01 06:00:00,164.95296,0,0001
1976-07-01 06:00:00,155.65431,0,0001
1976-08-01 06:00:00,148.73949,0,0001
1976-09-01 06:00:00,148.24388,0,0001
1976-10-01 06:00:00,162.03339,0,0001
1976-11-01 06:00:00,182.40044,0,0001
1976-12-01 06:00:00,193.30063,0,0001
1977-01-01 06:00:00,184.60175,0,0001
1977-02-01 06:00:00,168.87782,0,0001
1977-03-01 06:00:00,154.75803,0,0001
1977-04-01 06:00:00,159.42416,0,0001
1977-05-01 06:00:00,165.11449,0,0001
1977-06-01 06:00:00,164.59108,0,0001
1977-07-01 06:00:00,153.7543,0,0001
1977-08-01 06:00:00,146.83601,0,0001
1977-09-01 06:00:00,147.781,0,0001
1977-10-01 06:00:00,161.60526,0,0001
1977-11-01 06:00:00,181.18231,0,0001
1977-12-01 06:00:00,192.39972,0,0001
1978-01-01 06:00:00,185.75085,0,0001
1978-02-01 06:00:00,168.40314,0,0001
1978-03-01 06:00:00,155.61794,0,0001
1978-04-01 06:00:00,159.19202,0,0001
1978-05-01 06:00:00,164.95158,0,0001
1978-06-01 06:00:00,164.31444,0,0001
1978-07-01 06:00:00,153.4085,0,0001
1978-08-01 06:00:00,147.69086,0,0001
1978-09-01 06:00:00,147.02936,0,0001
1978-10-01 06:00:00,160.31825,0,0001
1978-11-01 06:00:00,182.32521,0,0001
1978-12-01 06:00:00,192.28528,0,0001
1979-01-01 06:00:00,184.37605,0,0001
1979-02-01 06:00:00,167.66151,0,0001
1979-03-01 06:00:00,154.917,0,0001
1979-04-01 06:00:00,159.17824,0,0001
1979-05-01 06:00:00,165.65294,0,0001
1979-06-01 06:00:00,163.77982,0,0001
1979-07-01 06:00:00,153.6184,0,0001
1979-08-01 06:00:00,146.92383,0,0001
1979-09-01 06:00:00,146.93243,0,0001
1979-10-01 06:00:00,159.7797,0,0001
1979-11-01 06:00:00,180.80829,0,0001
1979-12-01 06:00:00,190.80656,0,0001
1980-01-01 06:00:00,184.42929,0,0001
1980-02-01 06:00:00,167.47797,0,0001
1980-03-01 06:00:00,155.18965,0,0001
1980-04-01 06:00:00,158.9838,0,0001
1980-05-01 06:00:00,163.7224,0,0001
1980-06-01 06:00:00,163.7151,0,0001
1980-07-01 06:00:00,152.65102,0,0001
1980-08-01 06:00:00,147.65874,0,0001
1980-09-01 06:00:00,147.21646,0,0001
1980-10-01 06:00:00,160.45955,0,0001
1980-11-01 06:00:00,180.96559,0,0001
1980-12-01 06:00:00,192.36316,0,0001
1981-01-01 06:00:00,184.08263,0,0001
1981-02-01 06:00:00,165.96504,0,0001
1981-03-01 06:00:00,154.99947,0,0001
1981-04-01 06:00:00,158.01955,0,0001
1981-05-01 06:00:00,164.82768,0,0001
1981-06-01 06:00:00,162.26607,0,0001
1981-07-01 06:00:00,153.01816,0,0001
1981-08-01 06:00:00,147.40512,0,0001
1981-09-01 06:00:00,147.14984,0,0001
1981-10-01 06:00:00,160.63326,0,0001
1981-11-01 06:00:00,180.38216,0,0001
1981-12-01 06:00:00,190.2635,0,0001
1982-01-01 06:00:00,184.37138,0,0001
1982-02-01 06:00:00,167.7231,0,0001
1982-03-01 06:00:00,154.0968,0,0001
1982-04-01 06:00:00,157.8231,0,0001
1982-05-01 06:00:00,164.05241,0,0001
1982-06-01 06:00:00,161.7586,0,0001
1982-07-01 06:00:00,154.57167,0,0001
1982-08-01 06:00:00,145.97066,0,0001
1982-09-01 06:00:00,145.39017,0,0001
1982-10-01 06:00:00,157.93607,0,0001
1982-11-01 06:00:00,178.73512,0,0001
1982-12-01 06:00:00,189.24376,0,0001
1983-01-01 06:00:00,182.75327,0,0001
1983-02-01 06:00:00,166.97469,0,0001
1983-03-01 06:00:00,153.09042,0,0001
1983-04-01 06:00:00,156.23482,0,0001
1983-05-01 06:00:00,163.01193,0,0001
1983-06-01 06:00:00,163.3313,0,0001
1983-07-01 06:00:00,151.561,0,0001
1983-08-01 06:00:00,145.16734,0,0001
1983-09-01 06:00:00,145.47253,0,0001
1983-10-01 06:00:00,159.20845,0,0001
1983-11-01 06:00:00,179.54153,0,0001
1983-12-01 06:00:00,192.02882,0,0001
1984-01-01 06:00:00,184.76006,0,0001
1984-02-01 06:00:00,167.16023,0,0001
1984-03-01 06:00:00,154.06049,0,0001
1984-04-01 06:00:00,158.74586,0,0001
1984-05-01 06:00:00,164.6158,0,0001
1984-06-01 06:00:00,162.34114,0,0001
1984-07-01 06:00:00,153.22072,0,0001
1984-08-01 06:00:00,146.97684,0,0001
1984-09-01 06:00:00,146.83272,0,0001
1984-10-01 06:00:00,159.36688,0,0001
1984-11-01 06:00:00,180.91708,0,0001
1984-12-01 06:00:00,189.6,0,0001
1985-01-01 06:00:00,185.22563,0,0001
1985-02-01 06:00:00,167.18103,0,0001
1985-03-01 06:00:00,154.36963,0,0001
1985-04-01 06:00:00,158.21881,0,0001
1985-05-01 06:00:00,165.12238,0,0001
1985-06-01 06:00:00,163.26825,0,0001
1985-07-01 06:00:00,153.44748,0,0001
1985-08-01 06:00:00,147.65373,0,0001
1985-09-01 06:00:00,146.36688,0,0001
1985-10-01 06:00:00,159.93752,0,0001
1985-11-01 06:00:00,179.49771,0,0001
1985-12-01 06:00:00,191.14923,0,0001
1986-01-01 06:00:00,183.94579,0,0001
1986-02-01 06:00:00,168.2564,0,0001
1986-03-01 06:00:00,154.85397,0,0001
1986-04-01 06:00:00,158.07724,0,0001
1986-05-01 06:00:00,164.42816,0,0001
1986-06-01 06:00:00,163.15965,0,0001
1986-07-01 06:00:00,153.25511,0,0001
1986-08-01 06:00:00,147.36115,0,0001
1986-09-01 06:00:00,147.08524,0,0001
1986-10-01 06:00:00,160.18063,0,0001
1986-11-01 06:00:00,179.13333,0,0001
1986-12-01 06:00:00,190.68512,0,0001
1987-01-01 06:00:00,185.46332,0,0001
1987-02-01 06:00:00,166.81444,0,0001
1987-03-01 06:00:00,155.35027,0,0001
1987-04-01 06:00:00,158.64395,0,0001
1987-05-01 06:00:00,165.11934,0,0001
1987-06-01 06:00:00,162.26941,0,0001
1987-07-01 06:00:00,153.20987,0,0001
1987-08-01 06:00:00,146.90933,0,0001
1987-09-01 06:00:00,147.6198,0,0001
1987-10-01 06:00:00,160.401,0,0001
1987-11-01 06:00:00,181.40974,0,0001
1987-12-01 06:00:00,190.63086,0,0001
1988-01-01 06:00:00,184.22241,0,0001
1988-02-01 06:00:00,167.89017,0,0001
1988-03-01 06:00:00,155.01506,0,0001
1988-04-01 06:00:00,158.83408,0,0001
1988-05-01 06:00:00,164.13756,0,0001
1988-06-01 06:00:00,162.12737,0,0001
1988-07-01 06:00:00,153.79604,0,0001
1988-08-01 06:00:00,146.68797,0,0001
1988-09-01 06:00:00,146.16148,0,0001
1988-10-01 06:00:00,161.17805,0,0001
1988-11-01 06:00:00,180.85129,0,0001
1988-12-01 06:00:00,189.92775,0,0001
1989-01-01 06:00:00,184.92581,0,0001
1989-02-01 06:00:00,167.53387,0,0001
1989-03-01 06:00:00,155.46574,0,0001
1989-04-01 06:00:00,158.98918,0,0001
1989-05-01 06:00:00,164.24992,0,0001
1989-06-01 06:00:00,164.09021,0,0001
1989-07-01 06:00:00,154.02296,0,0001
1989-08-01 06:00:00,147.28246,0,0001
1989-09-01 06:00:00,147.46452,0,0001
1989-10-01 06:00:00,160.1735,0,0001
1989-11-01 06:00:00,180.29077,0,0001
1989-12-01 06:00:00,191.09503,0,0001
1990-01-01 06:00:00,181.82675,0,0001
1990-02-01 06:00:00,167.82756,0,0001
1990-03-01 06:00:00,154.37323,0,0001
1990-04-01 06:00:00,157.12796,0,0001
1990-05-01 06:00:00,163.74124,0,0001
1990-06-01 06:00:00,162.71527,0,0001
1990-07-01 06:00:00,154.35838,0,0001
1990-08-01 06:00:00,147.64838,0,0001
1990-09-01 06:00:00,147.24286,0,0001
1990-10-01 06:00:00,161.05936,0,0001
1990-11-01 06:00:00,180.19475,0,0001
1990-12-01 06:00:00,191.27003,0,0001
1991-01-01 06:00:00,184.84572,0,0001
1991-02-01 06:00:00,168.02463,0,0001
1991-03-01 06:00:00,154.4754,0,0001
1991-04-01 06:00:00,159.83446,0,0001
1991-05-01 06:00:00,164.43437,0,0001
1991-06-01 06:00:00,162.07169,0,0001
1991-07-01 06:00:00,154.43477,0,0001
1991-08-01 06:00:00,146.02776,0,0001
1991-09-01 06:00:00,145.78087,0,0001
1991-10-01 06:00:00,158.21063,0,0001
1991-11-01 06:00:00,178.84846,0,0001
1991-12-01 06:00:00,188.25642,0,0001
1992-01-01 06:00:00,180.73787,0,0001
1992-02-01 06:00:00,165.11801,0,0001
1992-03-01 06:00:00,152.39978,0,0001
1992-04-01 06:00:00,156.40988,0,0001
1992-05-01 06:00:00,163.68414,0,0001
1992-06-01 06:00:00,162.00041,0,0001
1992-07-01 06:00:00,152.13275,0,0001
1992-08-01 06:00:00,146.26263,0,0001
1992-09-01 06:00:00,145.34291,0,0001
1992-10-01 06:00:00,158.65468,0,0001
1992-11-01 06:00:00,178.31334,0,0001
1992-12-01 06:00:00,188.94467,0,0001
1993-01-01 06:00:00,183.33212,0,0001
1993-02-01 06:00:00,166.22986,0,0001
1993-03-01 06:00:00,155.342,0,0001
1993-04-01 06:00:00,158.54562,0,0001
1993-05-01 06:00:00,163.3354,0,0001
1993-06-01 06:00:00,161.62874,0,0001
1993-07-01 06:00:00,151.51637,0,0001
1993-08-01 06:00:00,146.59505,0,0001
1993-09-01 06:00:00,146.74808,0,0001
1993-10-01 06:00:00,159.6441,0,0001
1993-11-01 06:00:00,179.95067,0,0001
1993-12-01 06:00:00,190.1389,0,0001
1994-01-01 06:00:00,185.2091,0,0001
1994-02-01 06:00:00,167.25922,0,0001
1994-03-01 06:00:00,155.19974,0,0001
1994-04-01 06:00:00,159.33559,0,0001
1994-05-01 06:00:00,164.92207,0,0001
1994-06-01 06:00:00,163.1527,0,0001
1994-07-01 06:00:00,153.78014,0,0001
1994-08-01 06:00:00,147.46266,0,0001
1994-09-01 06:00:00,147.28827,0,0001
1994-10-01 06:00:00,160.85052,0,0001
1994-11-01 06:00:00,180.28851,0,0001
1994-12-01 06:00:00,191.53519,0,0001
1995-01-01 06:00:00,185.6753,0,0001
1995-02-01 06:00:00,167.64117,0,0001
1995-03-01 06:00:00,154.87833,0,0001
1995-04-01 06:00:00,157.30452,0,0001
1995-05-01 06:00:00,163.40755,0,0001
1995-06-01 06:00:00,163.34663,0,0001
1995-07-01 06:00:00,152.56166,0,0001
1995-08-01 06:00:00,147.60034,0,0001
1995-09-01 06:00:00,146.42126,0,0001
1995-10-01 06:00:00,159.54524,0,0001
1995-11-01 06:00:00,181.27232,0,0001
1995-12-01 06:00:00,190.51807,0,0001
1996-01-01 06:00:00,184.58441,0,0001
1996-02-01 06:00:00,167.22351,0,0001
1996-03-01 06:00:00,154.29413,0,0001
1996-04-01 06:00:00,159.27263,0,0001
1996-05-01 06:00:00,165.4294,0,0001
1996-06-01 06:00:00,164.16972,0,0001
1996-07-01 06:00:00,155.39862,0,0001
1996-08-01 06:00:00,147.65422,0,0001
1996-09-01 06:00:00,146.66103,0,0001
1996-10-01 06:00:00,159.99728,0,0001
1996-11-01 06:00:00,181.12474,0,0001
1996-12-01 06:00:00,191.94997,0,0001
1997-01-01 06:00:00,184.53902,0,0001
1997-02-01 06:00:00,167.54762,0,0001
1997-03-01 06:00:00,155.14761,0,0001
1997-04-01 06:00:00,158.6897,0,0001
1997-05-01 06:00:00,164.73451,0,0001
1997-06-01 06:00:00,163.77211,0,0001
1997-07-01 06:00:00,152.78867,0,0001
1997-08-01 06:00:00,148.57571,0,0001
1997-09-01 06:00:00,147.89607,0,0001
1997-10-01 06:00:00,160.5023,0,0001
1997-11-01 06:00:00,181.2494,0,0001
1997-12-01 06:00:00,191.30481,0,0001
1998-01-01 06:00:00,183.05702,0,0001
1998-02-01 06:00:00,166.69241,0,0001
1998-03-01 06:00:00,154.41925,0,0001
1998-04-01 06:00:00,157.8286,0,0001
1998-05-01 06:00:00,164.62878,0,0001
1998-06-01 06:00:00,161.98563,0,0001
1998-07-01 06:00:00,153.56667,0,0001
1998-08-01 06:00:00,145.96524,0,0001
1998-09-01 06:00:00,145.72894,0,0001
1998-10-01 06:00:00,160.50294,0,0001
1998-11-01 06:00:00,180.41032,0,0001
1998-12-01 06:00:00,190.42323,0,0001
1999-01-01 06:00:00,185.98543,0,0001
1999-02-01 06:00:00,167.67714,0,0001
1999-03-01 06:00:00,155.82828,0,0001
1999-04-01 06:00:00,159.1254,0,0001
1999-05-01 06:00:00,165.23975,0,0001
1999-06-01 06:00:00,163.91635,0,0001
1999-07-01 06:00:00,152.84506,0,0001
1999-08-01 06:00:00,147.28247,0,0001
1999-09-01 06:00:00,146.93318,0,0001
1999-10-01 06:00:00,160.08159,0,0001
1999-11-01 06:00:00,180.77174,0,0001
1999-12-01 06:00:00,190.91821,0,0001
2000-01-01 06:00:00,185.95416,0,0001
2000-02-01 06:00:00,168.1935,0,0001
2000-03-01 06:00:00,155.65399,0,0001
2000-04-01 06:00:00,158.84131,0,0001
2000-05-01 06:00:00,165.11539,0,0001
2000-06-01 06:00:00,163.6419,0,0001
2000-07-01 06:00:00,153.79678,0,0001
2000-08-01 06:00:00,148.24841,0,0001
2000-09-01 06:00:00,147.33835,0,0001
2000-10-01 06:00:00,159.64194,0,0001
2000-11-01 06:00:00,180.61789,0,0001
2000-12-01 06:00:00,192.99872,0,0001
2001-01-01 06:00:00,185.71628,0,0001
2001-02-01 06:00:00,167.67046,0,0001
2001-03-01 06:00:00,155.44107,0,0001
2001-04-01 06:00:00,158.87009,0,0001
2001-05-01 06:00:00,165.17307,0,0001
2001-06-01 06:00:00,164.57034,0,0001
2001-07-01 06:00:00,153.9116,0,0001
2001-08-01 06:00:00,146.90372,0,0001
2001-09-01 06:00:00,146.72728,0,0001
2001-10-01 06:00:00,158.92494,0,0001
2001-11-01 06:00:00,180.33585,0,0001
2001-12-01 06:00:00,190.44653,0,0001
2002-01-01 06:00:00,183.7269,0,0001
2002-02-01 06:00:00,166.75677,0,0001
2002-03-01 06:00:00,154.64111,0,0001
2002-04-01 06:00:00,158.16382,0,0001
2002-05-01 06:00:00,165.61253,0,0001
2002-06-01 06:00:00,163.54425,0,0001
2002-07-01 06:00:00,155.06097,0,0001
2002-08-01 06:00:00,145.8532,0,0001
2002-09-01 06:00:00,147.29785,0,0001
2002-10-01 06:00:00,160.77219,0,0001
2002-11-01 06:00:00,180.51942,0,0001
2002-12-01 06:00:00,190.46747,0,0001
2003-01-01 06:00:00,184.42932,0,0001
2003-02-01 06:00:00,168.02394,0,0001
2003-03-01 06:00:00,155.59154,0,0001
2003-04-01 06:00:00,158.01285,0,0001
2003-05-01 06:00:00,165.10287,0,0001
2003-06-01 06:00:00,163.3628,0,0001
2003-07-01 06:00:00,154.13184,0,0001
2003-08-01 06:00:00,147.52377,0,0001
2003-09-01 06:00:00,146.66748,0,0001
2003-10-01 06:00:00,160.05266,0,0001
2003-11-01 06:00:00,180.38318,0,0001
2003-12-01 06:00:00,191.4391,0,0001
2004-01-01 06:00:00,184.46786,0,0001
2004-02-01 06:00:00,168.45186,0,0001
2004-03-01 06:00:00,154.18146,0,0001
2004-04-01 06:00:00,158.47874,0,0001
2004-05-01 06:00:00,163.86967,0,0001
2004-06-01 06:00:00,163.00003,0,0001
2004-07-01 06:00:00,153.94748,0,0001
2004-08-01 06:00:00,146.35335,0,0001
2004-09-01 06:00:00,146.84587,0,0001
2004-10-01 06:00:00,160.80702,0,0001
2004-11-01 06:00:00,181.54868,0,0001
2004-12-01 06:00:00,192.30782,0,0001
2005-01-01 06:00:00,184.02995,0,0001
2005-02-01 06:00:00,166.98474,0,0001
2005-03-01 06:00:00,154.62566,0,0001
2005-04-01 06:00:00,158.52586,0,0001
2005-05-01 06:00:00,164.64888,0,0001
2005-06-01 06:00:00,161.02238,0,0001
2005-07-01 06:00:00,153.30116,0,0001
2005-08-01 06:00:00,146.71617,0,0001
2005-09-01 06:00:00,146.83366,0,0001
2005-10-01 06:00:00,159.51831,0,0001
2005-11-01 06:00:00,181.03593,0,0001
2005-12-01 06:00:00,191.4135,0,0001
2006-01-01 06:00:00,183.67537,0,0001
2006-02-01 06:00:00,166.98927,0,0001
2006-03-01 06:00:00,154.69618,0,0001
2006-04-01 06:00:00,157.44366,0,0001
2006-05-01 06:00:00,164.67427,0,0001
2006-06-01 06:00:00,163.19983,0,0001
2006-07-01 06:00:00,152.67734,0,0001
2006-08-01 06:00:00,147.7745,0,0001
2006-09-01 06:00:00,147.253,0,0001
2006-10-01 06:00:00,159.22011,0,0001
2006-11-01 06:00:00,180.86476,0,0001
2006-12-01 06:00:00,191.55849,0,0001
2007-01-01 06:00:00,184.1432,0,0001
2007-02-01 06:00:00,167.75314,0,0001
2007-03-01 06:00:00,154.39636,0,0001
2007-04-01 06:00:00,157.36462,0,0001
2007-05-01 06:00:00,164.81882,0,0001
2007-06-01 06:00:00,161.10312,0,0001
2007-07-01 06:00:00,154.15205,0,0001
2007-08-01 06:00:00,145.63956,0,0001
2007-09-01 06:00:00,146.6381,0,0001
2007-10-01 06:00:00,160.49533,0,0001
2007-11-01 06:00:00,180.91724,0,0001
2007-12-01 06:00:00,190.54082,0,0001
2008-01-01 06:00:00,184.23528,0,0001
2008-02-01 06:00:00,167.6407,0,0001
2008-03-01 06:00:00,155.52475,0,0001
2008-04-01 06:00:00,158.78421,0,0001
2008-05-01 06:00:00,165.39111,0,0001
2008-06-01 06:00:00,163.35753,0,0001
2008-07-01 06:00:00,154.61322,0,0001
2008-08-01 06:00:00,147.01125,0,0001
2008-09-01 06:00:00,146.25156,0,0001
2008-10-01 06:00:00,160.99245,0,0001
2008-11-01 06:00:00,180.80968,0,0001
2008-12-01 06:00:00,192.04654,0,0001
2009-01-01 06:00:00,184.25174,0,0001
2009-02-01 06:00:00,167.7643,0,0001
2009-03-01 06:00:00,154.59161,0,0001
2009-04-01 06:00:00,158.71259,0,0001
2009-05-01 06:00:00,165.6284,0,0001
2009-06-01 06:00:00,163.14458,0,0001
2009-07-01 06:00:00,153.6281,0,0001
2009-08-01 06:00:00,147.34991,0,0001
2009-09-01 06:00:00,146.28731,0,0001
2009-10-01 06:00:00,159.9701,0,0001
2009-11-01 06:00:00,179.7055,0,0001
2009-12-01 06:00:00,191.34647,0,0001
2010-01-01 06:00:00,184.63222,0,0001
2010-02-01 06:00:00,166.39934,0,0001
2010-03-01 06:00:00,154.29764,0,0001
2010-04-01 06:00:00,156.97508,0,0001
2010-05-01 06:00:00,162.72731,0,0001
2010-06-01 06:00:00,159.95996,0,0001
2010-07-01 06:00:00,151.81345,0,0001
2010-08-01 06:00:00,145.81903,0,0001
2010-09-01 06:00:00,145.63776,0,0001
2010-10-01 06:00:00,159.08043,0,0001
2010-11-01 06:00:00,179.63896,0,0001
2010-12-01 06:00:00,190.23495,0,0001
2011-01-01 06:00:00,184.59279,0,0001
2011-02-01 06:00:00,167.05148,0,0001
2011-03-01 06:00:00,154.78748,0,0001
2011-04-01 06:00:00,157.61504,0,0001
2011-05-01 06:00:00,164.58383,0,0001
2011-06-01 06:00:00,160.69177,0,0001
2011-07-01 06:00:00,153.51425,0,0001
2011-08-01 06:00:00,146.52814,0,0001
2011-09-01 06:00:00,147.05106,0,0001
2011-10-01 06:00:00,159.85106,0,0001
2011-11-01 06:00:00,181.22876,0,0001
2011-12-01 06:00:00,190.46123,0,0001
2012-01-01 06:00:00,185.95097,0,0001
2012-02-01 06:00:00,168.21411,0,0001
2012-03-01 06:00:00,154.35568,0,0001
2012-04-01 06:00:00,157.85144,0,0001
2012-05-01 06:00:00,164.49347,0,0001
2012-06-01 06:00:00,161.39777,0,0001
2012-07-01 06:00:00,152.29883,0,0001
2012-08-01 06:00:00,146.40564,0,0001
2012-09-01 06:00:00,146.67963,0,0001
2012-10-01 06:00:00,161.03955,0,0001
2012-11-01 06:00:00,181.32483,0,0001
2012-12-01 06:00:00,190.94377,0,0001
2013-01-01 06:00:00,182.2683,0,0001
2013-02-01 06:00:00,166.5736,0,0001
2013-03-01 06:00:00,154.51703,0,0001
2013-04-01 06:00:00,157.45534,0,0001
2013-05-01 06:00:00,164.35544,0,0001
2013-06-01 06:00:00,163.35777,0,0001
2013-07-01 06:00:00,152.41086,0,0001
2013-08-01 06:00:00,148.30283,0,0001
2013-09-01 06:00:00,146.29742,0,0001
2013-10-01 06:00:00,160.9996,0,0001
2013-11-01 06:00:00,181.07199,0,0001
2013-12-01 06:00:00,191.22153,0,0001
2014-01-01 06:00:00,184.40797,0,0001
2014-02-01 06:00:00,166.91855,0,0001
2014-03-01 06:00:00,154.4755,0,0001
2014-04-01 06:00:00,157.75363,0,0001
2014-05-01 06:00:00,164.52931,0,0001
2014-06-01 06:00:00,162.54613,0,0001
2014-07-01 06:00:00,152.83105,0,0001
2014-08-01 06:00:00,147.73059,0,0001
2014-09-01 06:00:00,147.0682,0,0001
2014-10-01 06:00:00,160.59209,0,0001
2014-11-01 06:00:00,181.24808,0,0001
2014-12-01 06:00:00,191.3224,0,0001
2015-01-01 06:00:00,184.71222,0,0001
2015-02-01 06:00:00,167.02528,0,0001
2015-03-01 06:00:00,153.95071,0,0001
2015-04-01 06:00:00,157.7026,0,0001
2015-05-01 06:00:00,164.97368,0,0001
2015-06-01 06:00:00,161.58556,0,0001
2015-07-01 06:00:00,152.41153,0,0001
2015-08-01 06:00:00,146.5448,0,0001
2015-09-01 06:00:00,146.5956,0,0001
2015-10-01 06:00:00,160.43958,0,0001
2015-11-01 06:00:00,179.9111,0,0001
2015-12-01 06:00:00,189.92122,0,0001
2016-01-01 06:00:00,183.3776,0,0001
2016-02-01 06:00:00,166.51192,0,0001
2016-03-01 06:00:00,153.02187,0,0001
2016-04-01 06:00:00,157.3434,0,0001
2016-05-01 06:00:00,163.12172,0,0001
2016-06-01 06:00:00,162.25887,0,0001
2016-07-01 06:00:00,152.75357,0,0001
2016-08-01 06:00:00,147.28603,0,0001
2016-09-01 06:00:00,145.57613,0,0001
2016-10-01 06:00:00,159.32635,0,0001
2016-11-01 06:00:00,180.48697,0,0001
2016-12-01 06:00:00,189.64482,0,0001
2017-01-01 06:00:00,183.6567,0,0001
2017-02-01 06:00:00,166.64912,0,0001
2017-03-01 06:00:00,154.41129,0,0001
2017-04-01 06:00:00,158.474,0,0001
2017-05-01 06:00:00,164.1333,0,0001
2017-06-01 06:00:00,163.26672,0,0001
2017-07-01 06:00:00,153.86436,0,0001
2017-08-01 06:00:00,146.49393,0,0001
2017-09-01 06:00:00,145.44998,0,0001
2017-10-01 06:00:00,159.02466,0,0001
2017-11-01 06:00:00,179.40369,0,0001
2017-12-01 06:00:00,191.15242,0,0001
2018-01-01 06:00:00,185.0424,0,0001
2018-02-01 06:00:00,165.23059,0,0001
2018-03-01 06:00:00,154.30504,0,0001
2018-04-01 06:00:00,159.29478,0,0001
2018-05-01 06:00:00,164.80038,0,0001
2018-06-01 06:00:00,162.30183,0,0001
2018-07-01 06:00:00,153.50027,0,0001
2018-08-01 06:00:00,145.85295,0,0001
2018-09-01 06:00:00,146.77203,0,0001
2018-10-01 06:00:00,160.20644,0,0001
2018-11-01 06:00:00,180.16547,0,0001
2018-12-01 06:00:00,190.81795,0,0001
2019-01-01 06:00:00,183.5452,0,0001
2019-02-01 06:00:00,167.17917,0,0001
2019-03-01 06:00:00,154.86644,0,0001
2019-04-01 06:00:00,157.59523,0,0001
2019-05-01 06:00:00,163.4818,0,0001
2019-06-01 06:00:00,161.33159,0,0001
2019-07-01 06:00:00,153.1639,0,0001
2019-08-01 06:00:00,146.86488,0,0001
2019-09-01 06:00:00,146.66194,0,0001
2019-10-01 06:00:00,160.4825,0,0001
2019-11-01 06:00:00,180.3893,0,0001
2019-12-01 06:00:00,189.36725,0,0001
2020-01-01 06:00:00,182.84206,0,0001
2020-02-01 06:00:00,165.80154,0,0001
2020-03-01 06:00:00,153.17622,0,0001
2020-04-01 06:00:00,158.25099,0,0001
2020-05-01 06:00:00,164.51868,0,0001
2020-06-01 06:00:00,161.37149,0,0001
2020-07-01 06:00:00,150.99281,0,0001
2020-08-01 06:00:00,146.47801,0,0001
2020-09-01 06:00:00,146.56067,0,0001
2020-10-01 06:00:00,160.36363,0,0001
2020-11-01 06:00:00,180.71306,0,0001
2020-12-01 06:00:00,189.12971,0,0001
2021-01-01 06:00:00,184.03023,0,0001
2021-02-01 06:00:00,167.08759,0,0001
2021-03-01 06:00:00,154.60518,0,0001
2021-04-01 06:00:00,158.5813,0,0001
2021-05-01 06:00:00,164.91588,0,0001
2021-06-01 06:00:00,163.34943,0,0001
2021-07-01 06:00:00,152.96503,0,0001
2021-08-01 06:00:00,146.41302,0,0001
2021-09-01 06:00:00,146.1765,0,0001
2021-10-01 06:00:00,160.2405,0,0001
2021-11-01 06:00:00,180.91182,0,0001
2021-12-01 06:00:00,190.16893,0,0001
2022-01-01 06:00:00,183.91074,0,0001
2022-02-01 06:00:00,167.50984,0,0001
2022-03-01 06:00:00,154.811,0,0001
2022-04-01 06:00:00,158.88116,0,0001
2022-05-01 06:00:00,164.94687,0,0001
2022-06-01 06:00:00,163.71701,0,0001
2022-07-01 06:00:00,153.03883,0,0001
2022-08-01 06:00:00,146.36122,0,0001
2022-09-01 06:00:00,146.16614,0,0001
2022-10-01 06:00:00,160.5098,0,0001
2022-11-01 06:00:00,179.71832,0,0001
2022-12-01 06:00:00,189.83948,0,0001
2023-01-01 06:00:00,184.66429,0,0001
2023-02-01 06:00:00,167.67456,0,0001
2023-03-01 06:00:00,154.73662,0,0001
2023-04-01 06:00:00,159.4237,0,0001
2023-05-01 06:00:00,165.45665,0,0001
2023-06-01 06:00:00,163.95009,0,0001
2023-07-01 06:00:00,154.09337,0,0001
2023-08-01 06:00:00,148.2395,0,0001
2023-09-01 06:00:00,147.12807,0,0001
2023-10-01 06:00:00,159.9136,0,0001
2023-11-01 06:00:00,178.95944,0,0001
2023-12-01 06:00:00,189.31023,0,0001
2024-01-01 06:00:00,183.198,0,0001
2024-02-01 06:00:00,165.654,0,0001
2024-03-01 06:00:00,153.5025,0,0001
2024-04-01 06:00:00,157.70714,0,0001
2024-05-01 06:00:00,164.8447,0,0001
2024-06-01 06:00:00,161.48409,0,0001
2024-07-01 06:00:00,152.42043,0,0001
2024-08-01 06:00:00,147.5439,0,0001
2024-09-01 06:00:00,146.4336,0,0001
2024-10-01 06:00:00,160.97339,0,0001
2024-11-01 06:00:00,180.81007,0,0001
2024-12-01 06:00:00,190.25208,0,0001
2025-01-01 06:00:00,184.8422,0,0001
2025-02-01 06:00:00,166.46342,0,0001
2025-03-01 06:00:00,154.82114,0,0001
2025-04-01 06:00:00,157.44121,0,0001
2025-05-01 06:00:00,164.4802,0,0001
2025-06-01 06:00:00,162.28075,0,0001
2025-07-01 06:00:00,153.0355,0,0001
2025-08-01 06:00:00,147.26178,0,0001
2025-09-01 06:00:00,147.04651,0,0001
2025-10-01 06:00:00,160.46124,0,0001
2025-11-01 06:00:00,181.44524,0,0001
2025-12-01 06:00:00,191.41249,0,0001
2026-01-01 06:00:00,185.1661,0,0001
2026-02-01 06:00:00,167.62244,0,0001
2026-03-01 06:00:00,153.83017,0,0005
2026-04-01 06:00:00,158.10602,0,0005
