valid_time,avg_snlwrf,number,expver
1940-01-01 06:00:00,-56.67503,0,0001
1940-02-01 06:00:00,-56.169044,0,0001
1940-03-01 06:00:00,-56.258484,0,0001
1940-04-01 06:00:00,-55.27921,0,0001
1940-05-01 06:00:00,-54.937435,0,0001
1940-06-01 06:00:00,-53.30793,0,0001
1940-07-01 06:00:00,-52.291702,0,0001
1940-08-01 06:00:00,-52.48593,0,0001
1940-09-01 06:00:00,-52.766098,0,0001
1940-10-01 06:00:00,-53.95663,0,0001
1940-11-01 06:00:00,-56.47666,0,0001
1940-12-01 06:00:00,-57.631264,0,0001
1941-01-01 06:00:00,-57.28561,0,0001
1941-02-01 06:00:00,-56.406982,0,0001
1941-03-01 06:00:00,-56.211716,0,0001
1941-04-01 06:00:00,-55.84694,0,0001
1941-05-01 06:00:00,-54.602455,0,0001
1941-06-01 06:00:00,-54.529808,0,0001
1941-07-01 06:00:00,-52.625477,0,0001
1941-08-01 06:00:00,-52.07156,0,0001
1941-09-01 06:00:00,-52.890263,0,0001
1941-10-01 06:00:00,-54.3596,0,0001
1941-11-01 06:00:00,-55.50856,0,0001
1941-12-01 06:00:00,-57.21563,0,0001
1942-01-01 06:00:00,-55.935303,0,0001
1942-02-01 06:00:00,-55.770622,0,0001
1942-03-01 06:00:00,-56.32275,0,0001
1942-04-01 06:00:00,-56.429234,0,0001
1942-05-01 06:00:00,-54.75362,0,0001
1942-06-01 06:00:00,-54.05177,0,0001
1942-07-01 06:00:00,-52.41225,0,0001
1942-08-01 06:00:00,-52.04906,0,0001
1942-09-01 06:00:00,-53.64276,0,0001
1942-10-01 06:00:00,-55.195457,0,0001
1942-11-01 06:00:00,-56.654423,0,0001
1942-12-01 06:00:00,-56.80633,0,0001
1943-01-01 06:00:00,-56.74379,0,0001
1943-02-01 06:00:00,-56.460007,0,0001
1943-03-01 06:00:00,-55.61195,0,0001
1943-04-01 06:00:00,-55.89011,0,0001
1943-05-01 06:00:00,-55.45504,0,0001
1943-06-01 06:00:00,-53.773796,0,0001
1943-07-01 06:00:00,-52.327923,0,0001
1943-08-01 06:00:00,-52.36768,0,0001
1943-09-01 06:00:00,-52.85754,0,0001
1943-10-01 06:00:00,-54.825184,0,0001
1943-11-01 06:00:00,-56.508163,0,0001
1943-12-01 06:00:00,-56.538128,0,0001
1944-01-01 06:00:00,-56.028732,0,0001
1944-02-01 06:00:00,-55.469555,0,0001
1944-03-01 06:00:00,-55.102333,0,0001
1944-04-01 06:00:00,-55.437138,0,0001
1944-05-01 06:00:00,-55.616333,0,0001
1944-06-01 06:00:00,-53.706474,0,0001
1944-07-01 06:00:00,-51.109505,0,0001
1944-08-01 06:00:00,-52.132607,0,0001
1944-09-01 06:00:00,-52.276733,0,0001
1944-10-01 06:00:00,-53.34951,0,0001
1944-11-01 06:00:00,-54.394993,0,0001
1944-12-01 06:00:00,-55.707832,0,0001
1945-01-01 06:00:00,-56.932205,0,0001
1945-02-01 06:00:00,-56.00557,0,0001
1945-03-01 06:00:00,-56.35083,0,0001
1945-04-01 06:00:00,-55.71748,0,0001
1945-05-01 06:00:00,-55.66048,0,0001
1945-06-01 06:00:00,-54.467102,0,0001
1945-07-01 06:00:00,-52.671673,0,0001
1945-08-01 06:00:00,-52.058052,0,0001
1945-09-01 06:00:00,-52.746597,0,0001
1945-10-01 06:00:00,-54.39621,0,0001
1945-11-01 06:00:00,-55.67671,0,0001
1945-12-01 06:00:00,-57.118492,0,0001
1946-01-01 06:00:00,-56.948597,0,0001
1946-02-01 06:00:00,-56.377743,0,0001
1946-03-01 06:00:00,-55.97711,0,0001
1946-04-01 06:00:00,-56.337505,0,0001
1946-05-01 06:00:00,-55.302547,0,0001
1946-06-01 06:00:00,-54.59891,0,0001
1946-07-01 06:00:00,-52.88832,0,0001
1946-08-01 06:00:00,-52.92512,0,0001
1946-09-01 06:00:00,-53.839386,0,0001
1946-10-01 06:00:00,-54.81653,0,0001
1946-11-01 06:00:00,-55.510433,0,0001
1946-12-01 06:00:00,-56.239765,0,0001
1947-01-01 06:00:00,-55.324844,0,0001
1947-02-01 06:00:00,-55.37194,0,0001
1947-03-01 06:00:00,-55.77753,0,0001
1947-04-01 06:00:00,-56.014782,0,0001
1947-05-01 06:00:00,-54.411343,0,0001
1947-06-01 06:00:00,-53.12245,0,0001
1947-07-01 06:00:00,-52.564323,0,0001
1947-08-01 06:00:00,-52.830006,0,0001
1947-09-01 06:00:00,-52.789772,0,0001
1947-10-01 06:00:00,-53.836464,0,0001
1947-11-01 06:00:00,-55.441555,0,0001
1947-12-01 06:00:00,-56.611404,0,0001
1948-01-01 06:00:00,-56.861713,0,0001
1948-02-01 06:00:00,-54.571266,0,0001
1948-03-01 06:00:00,-54.647797,0,0001
1948-04-01 06:00:00,-55.01285,0,0001
1948-05-01 06:00:00,-54.793304,0,0001
1948-06-01 06:00:00,-54.09064,0,0001
1948-07-01 06:00:00,-52.949554,0,0001
1948-08-01 06:00:00,-53.321346,0,0001
1948-09-01 06:00:00,-53.22097,0,0001
1948-10-01 06:00:00,-53.959293,0,0001
1948-11-01 06:00:00,-55.76367,0,0001
1948-12-01 06:00:00,-55.963257,0,0001
1949-01-01 06:00:00,-55.323734,0,0001
1949-02-01 06:00:00,-54.210773,0,0001
1949-03-01 06:00:00,-53.79289,0,0001
1949-04-01 06:00:00,-55.668114,0,0001
1949-05-01 06:00:00,-54.42459,0,0001
1949-06-01 06:00:00,-55.477398,0,0001
1949-07-01 06:00:00,-52.49915,0,0001
1949-08-01 06:00:00,-53.185314,0,0001
1949-09-01 06:00:00,-53.628983,0,0001
1949-10-01 06:00:00,-53.92637,0,0001
1949-11-01 06:00:00,-55.24296,0,0001
1949-12-01 06:00:00,-56.062725,0,0001
1950-01-01 06:00:00,-55.034885,0,0001
1950-02-01 06:00:00,-55.468853,0,0001
1950-03-01 06:00:00,-55.299984,0,0001
1950-04-01 06:00:00,-55.641205,0,0001
1950-05-01 06:00:00,-55.25879,0,0001
1950-06-01 06:00:00,-55.145466,0,0001
1950-07-01 06:00:00,-52.17116,0,0001
1950-08-01 06:00:00,-53.501526,0,0001
1950-09-01 06:00:00,-53.302513,0,0001
1950-10-01 06:00:00,-54.172764,0,0001
1950-11-01 06:00:00,-55.229736,0,0001
1950-12-01 06:00:00,-55.72196,0,0001
1951-01-01 06:00:00,-55.03996,0,0001
1951-02-01 06:00:00,-54.72909,0,0001
1951-03-01 06:00:00,-54.134876,0,0001
1951-04-01 06:00:00,-55.638863,0,0001
1951-05-01 06:00:00,-54.72255,0,0001
1951-06-01 06:00:00,-54.798317,0,0001
1951-07-01 06:00:00,-52.2876,0,0001
1951-08-01 06:00:00,-52.677258,0,0001
1951-09-01 06:00:00,-52.93931,0,0001
1951-10-01 06:00:00,-52.833946,0,0001
1951-11-01 06:00:00,-55.132523,0,0001
1951-12-01 06:00:00,-55.561447,0,0001
1952-01-01 06:00:00,-54.94155,0,0001
1952-02-01 06:00:00,-54.32939,0,0001
1952-03-01 06:00:00,-54.088512,0,0001
1952-04-01 06:00:00,-55.509483,0,0001
1952-05-01 06:00:00,-55.00198,0,0001
1952-06-01 06:00:00,-53.627876,0,0001
1952-07-01 06:00:00,-51.542957,0,0001
1952-08-01 06:00:00,-52.279724,0,0001
1952-09-01 06:00:00,-52.965794,0,0001
1952-10-01 06:00:00,-54.19915,0,0001
1952-11-01 06:00:00,-55.58813,0,0001
1952-12-01 06:00:00,-55.434372,0,0001
1953-01-01 06:00:00,-55.20373,0,0001
1953-02-01 06:00:00,-54.012604,0,0001
1953-03-01 06:00:00,-54.64742,0,0001
1953-04-01 06:00:00,-54.841423,0,0001
1953-05-01 06:00:00,-54.865955,0,0001
1953-06-01 06:00:00,-53.5504,0,0001
1953-07-01 06:00:00,-52.717186,0,0001
1953-08-01 06:00:00,-52.65042,0,0001
1953-09-01 06:00:00,-53.278477,0,0001
1953-10-01 06:00:00,-54.058533,0,0001
1953-11-01 06:00:00,-54.478626,0,0001
1953-12-01 06:00:00,-54.367268,0,0001
1954-01-01 06:00:00,-55.453083,0,0001
1954-02-01 06:00:00,-54.929123,0,0001
1954-03-01 06:00:00,-55.415276,0,0001
1954-04-01 06:00:00,-54.852295,0,0001
1954-05-01 06:00:00,-54.509426,0,0001
1954-06-01 06:00:00,-54.027058,0,0001
1954-07-01 06:00:00,-53.283985,0,0001
1954-08-01 06:00:00,-52.187916,0,0001
1954-09-01 06:00:00,-54.331738,0,0001
1954-10-01 06:00:00,-54.143932,0,0001
1954-11-01 06:00:00,-55.707897,0,0001
1954-12-01 06:00:00,-56.33925,0,0001
1955-01-01 06:00:00,-55.741238,0,0001
1955-02-01 06:00:00,-54.507797,0,0001
1955-03-01 06:00:00,-55.247288,0,0001
1955-04-01 06:00:00,-55.519085,0,0001
1955-05-01 06:00:00,-54.915287,0,0001
1955-06-01 06:00:00,-54.285706,0,0001
1955-07-01 06:00:00,-52.819756,0,0001
1955-08-01 06:00:00,-52.44777,0,0001
1955-09-01 06:00:00,-53.012455,0,0001
1955-10-01 06:00:00,-54.28459,0,0001
1955-11-01 06:00:00,-56.21387,0,0001
1955-12-01 06:00:00,-56.8677,0,0001
1956-01-01 06:00:00,-54.93525,0,0001
1956-02-01 06:00:00,-55.267372,0,0001
1956-03-01 06:00:00,-54.74846,0,0001
1956-04-01 06:00:00,-55.752926,0,0001
1956-05-01 06:00:00,-55.431564,0,0001
1956-06-01 06:00:00,-54.982372,0,0001
1956-07-01 06:00:00,-53.45914,0,0001
1956-08-01 06:00:00,-52.860573,0,0001
1956-09-01 06:00:00,-53.786816,0,0001
1956-10-01 06:00:00,-54.326397,0,0001
1956-11-01 06:00:00,-55.035126,0,0001
1956-12-01 06:00:00,-55.544353,0,0001
1957-01-01 06:00:00,-55.747894,0,0001
1957-02-01 06:00:00,-54.951935,0,0001
1957-03-01 06:00:00,-54.596397,0,0001
1957-04-01 06:00:00,-54.902103,0,0001
1957-05-01 06:00:00,-54.38562,0,0001
1957-06-01 06:00:00,-54.798733,0,0001
1957-07-01 06:00:00,-52.578915,0,0001
1957-08-01 06:00:00,-53.108128,0,0001
1957-09-01 06:00:00,-52.448917,0,0001
1957-10-01 06:00:00,-52.587048,0,0001
1957-11-01 06:00:00,-54.371094,0,0001
1957-12-01 06:00:00,-55.011288,0,0001
1958-01-01 06:00:00,-54.000824,0,0001
1958-02-01 06:00:00,-54.094334,0,0001
1958-03-01 06:00:00,-54.781284,0,0001
1958-04-01 06:00:00,-55.885105,0,0001
1958-05-01 06:00:00,-55.131,0,0001
1958-06-01 06:00:00,-54.0787,0,0001
1958-07-01 06:00:00,-52.68168,0,0001
1958-08-01 06:00:00,-52.36452,0,0001
1958-09-01 06:00:00,-53.110596,0,0001
1958-10-01 06:00:00,-54.125553,0,0001
1958-11-01 06:00:00,-55.05309,0,0001
1958-12-01 06:00:00,-56.521,0,0001
1959-01-01 06:00:00,-55.33199,0,0001
1959-02-01 06:00:00,-54.14974,0,0001
1959-03-01 06:00:00,-53.993526,0,0001
1959-04-01 06:00:00,-54.583492,0,0001
1959-05-01 06:00:00,-54.274624,0,0001
1959-06-01 06:00:00,-54.261337,0,0001
1959-07-01 06:00:00,-52.5426,0,0001
1959-08-01 06:00:00,-51.46582,0,0001
1959-09-01 06:00:00,-52.79852,0,0001
1959-10-01 06:00:00,-53.27615,0,0001
1959-11-01 06:00:00,-54.573483,0,0001
1959-12-01 06:00:00,-55.156906,0,0001
1960-01-01 06:00:00,-55.033775,0,0001
1960-02-01 06:00:00,-55.068253,0,0001
1960-03-01 06:00:00,-54.822567,0,0001
1960-04-01 06:00:00,-55.223186,0,0001
1960-05-01 06:00:00,-54.469776,0,0001
1960-06-01 06:00:00,-53.771343,0,0001
1960-07-01 06:00:00,-52.288204,0,0001
1960-08-01 06:00:00,-51.894924,0,0001
1960-09-01 06:00:00,-52.267857,0,0001
1960-10-01 06:00:00,-53.697258,0,0001
1960-11-01 06:00:00,-55.446312,0,0001
1960-12-01 06:00:00,-55.487022,0,0001
1961-01-01 06:00:00,-55.16278,0,0001
1961-02-01 06:00:00,-55.13549,0,0001
1961-03-01 06:00:00,-55.57712,0,0001
1961-04-01 06:00:00,-55.276447,0,0001
1961-05-01 06:00:00,-55.2837,0,0001
1961-06-01 06:00:00,-54.589535,0,0001
1961-07-01 06:00:00,-52.731377,0,0001
1961-08-01 06:00:00,-52.27643,0,0001
1961-09-01 06:00:00,-52.701496,0,0001
1961-10-01 06:00:00,-53.135876,0,0001
1961-11-01 06:00:00,-54.995823,0,0001
1961-12-01 06:00:00,-56.1373,0,0001
1962-01-01 06:00:00,-55.469727,0,0001
1962-02-01 06:00:00,-55.13373,0,0001
1962-03-01 06:00:00,-55.109768,0,0001
1962-04-01 06:00:00,-55.87115,0,0001
1962-05-01 06:00:00,-55.11441,0,0001
1962-06-01 06:00:00,-54.691788,0,0001
1962-07-01 06:00:00,-53.261093,0,0001
1962-08-01 06:00:00,-53.02851,0,0001
1962-09-01 06:00:00,-53.723423,0,0001
1962-10-01 06:00:00,-53.921646,0,0001
1962-11-01 06:00:00,-54.95091,0,0001
1962-12-01 06:00:00,-56.29922,0,0001
1963-01-01 06:00:00,-55.261147,0,0001
1963-02-01 06:00:00,-55.23041,0,0001
1963-03-01 06:00:00,-54.872738,0,0001
1963-04-01 06:00:00,-54.88826,0,0001
1963-05-01 06:00:00,-54.240875,0,0001
1963-06-01 06:00:00,-54.44341,0,0001
1963-07-01 06:00:00,-52.72159,0,0001
1963-08-01 06:00:00,-52.37311,0,0001
1963-09-01 06:00:00,-53.03735,0,0001
1963-10-01 06:00:00,-53.824898,0,0001
1963-11-01 06:00:00,-54.92534,0,0001
1963-12-01 06:00:00,-55.483227,0,0001
1964-01-01 06:00:00,-55.083103,0,0001
1964-02-01 06:00:00,-54.459446,0,0001
1964-03-01 06:00:00,-54.635723,0,0001
1964-04-01 06:00:00,-55.509842,0,0001
1964-05-01 06:00:00,-55.197647,0,0001
1964-06-01 06:00:00,-55.208656,0,0001
1964-07-01 06:00:00,-52.951084,0,0001
1964-08-01 06:00:00,-52.242134,0,0001
1964-09-01 06:00:00,-52.683784,0,0001
1964-10-01 06:00:00,-53.7414,0,0001
1964-11-01 06:00:00,-55.82792,0,0001
1964-12-01 06:00:00,-55.322132,0,0001
1965-01-01 06:00:00,-55.29524,0,0001
1965-02-01 06:00:00,-55.1513,0,0001
1965-03-01 06:00:00,-54.90663,0,0001
1965-04-01 06:00:00,-55.906635,0,0001
1965-05-01 06:00:00,-55.935135,0,0001
1965-06-01 06:00:00,-55.173264,0,0001
1965-07-01 06:00:00,-53.672718,0,0001
1965-08-01 06:00:00,-52.83644,0,0001
1965-09-01 06:00:00,-52.527092,0,0001
1965-10-01 06:00:00,-53.841923,0,0001
1965-11-01 06:00:00,-54.445896,0,0001
1965-12-01 06:00:00,-55.331852,0,0001
1966-01-01 06:00:00,-55.066563,0,0001
1966-02-01 06:00:00,-54.31533,0,0001
1966-03-01 06:00:00,-54.70382,0,0001
1966-04-01 06:00:00,-55.430405,0,0001
1966-05-01 06:00:00,-55.960857,0,0001
1966-06-01 06:00:00,-55.234585,0,0001
1966-07-01 06:00:00,-52.581394,0,0001
1966-08-01 06:00:00,-52.34119,0,0001
1966-09-01 06:00:00,-52.816288,0,0001
1966-10-01 06:00:00,-53.92842,0,0001
1966-11-01 06:00:00,-54.253605,0,0001
1966-12-01 06:00:00,-54.819702,0,0001
1967-01-01 06:00:00,-55.491684,0,0001
1967-02-01 06:00:00,-54.496685,0,0001
1967-03-01 06:00:00,-54.25347,0,0001
1967-04-01 06:00:00,-55.231236,0,0001
1967-05-01 06:00:00,-54.580494,0,0001
1967-06-01 06:00:00,-54.054108,0,0001
1967-07-01 06:00:00,-52.632126,0,0001
1967-08-01 06:00:00,-51.900845,0,0001
1967-09-01 06:00:00,-52.719303,0,0001
1967-10-01 06:00:00,-53.099453,0,0001
1967-11-01 06:00:00,-54.948376,0,0001
1967-12-01 06:00:00,-54.904655,0,0001
1968-01-01 06:00:00,-54.4613,0,0001
1968-02-01 06:00:00,-53.82516,0,0001
1968-03-01 06:00:00,-53.912323,0,0001
1968-04-01 06:00:00,-55.129955,0,0001
1968-05-01 06:00:00,-54.71756,0,0001
1968-06-01 06:00:00,-54.869377,0,0001
1968-07-01 06:00:00,-52.0789,0,0001
1968-08-01 06:00:00,-52.45663,0,0001
1968-09-01 06:00:00,-53.339462,0,0001
1968-10-01 06:00:00,-53.978767,0,0001
1968-11-01 06:00:00,-55.04732,0,0001
1968-12-01 06:00:00,-55.158344,0,0001
1969-01-01 06:00:00,-54.569897,0,0001
1969-02-01 06:00:00,-53.738743,0,0001
1969-03-01 06:00:00,-54.234688,0,0001
1969-04-01 06:00:00,-54.655083,0,0001
1969-05-01 06:00:00,-54.045498,0,0001
1969-06-01 06:00:00,-53.5064,0,0001
1969-07-01 06:00:00,-52.300907,0,0001
1969-08-01 06:00:00,-52.3623,0,0001
1969-09-01 06:00:00,-51.995995,0,0001
1969-10-01 06:00:00,-53.51221,0,0001
1969-11-01 06:00:00,-55.131184,0,0001
1969-12-01 06:00:00,-54.948536,0,0001
1970-01-01 06:00:00,-55.42108,0,0001
1970-02-01 06:00:00,-55.08527,0,0001
1970-03-01 06:00:00,-54.178665,0,0001
1970-04-01 06:00:00,-55.626514,0,0001
1970-05-01 06:00:00,-53.93537,0,0001
1970-06-01 06:00:00,-53.812088,0,0001
1970-07-01 06:00:00,-52.509632,0,0001
1970-08-01 06:00:00,-51.610447,0,0001
1970-09-01 06:00:00,-52.476486,0,0001
1970-10-01 06:00:00,-53.628437,0,0001
1970-11-01 06:00:00,-55.43922,0,0001
1970-12-01 06:00:00,-55.34478,0,0001
1971-01-01 06:00:00,-55.53635,0,0001
1971-02-01 06:00:00,-53.917862,0,0001
1971-03-01 06:00:00,-54.369133,0,0001
1971-04-01 06:00:00,-54.3457,0,0001
1971-05-01 06:00:00,-54.863358,0,0001
1971-06-01 06:00:00,-53.990135,0,0001
1971-07-01 06:00:00,-52.037334,0,0001
1971-08-01 06:00:00,-52.221783,0,0001
1971-09-01 06:00:00,-52.620407,0,0001
1971-10-01 06:00:00,-54.584595,0,0001
1971-11-01 06:00:00,-55.156395,0,0001
1971-12-01 06:00:00,-55.07816,0,0001
1972-01-01 06:00:00,-54.962994,0,0001
1972-02-01 06:00:00,-54.28628,0,0001
1972-03-01 06:00:00,-54.25148,0,0001
1972-04-01 06:00:00,-55.24571,0,0001
1972-05-01 06:00:00,-54.59575,0,0001
1972-06-01 06:00:00,-54.358032,0,0001
1972-07-01 06:00:00,-51.56342,0,0001
1972-08-01 06:00:00,-51.85182,0,0001
1972-09-01 06:00:00,-51.62436,0,0001
1972-10-01 06:00:00,-52.334507,0,0001
1972-11-01 06:00:00,-54.3787,0,0001
1972-12-01 06:00:00,-54.658627,0,0001
1973-01-01 06:00:00,-54.093178,0,0001
1973-02-01 06:00:00,-53.50667,0,0001
1973-03-01 06:00:00,-52.7724,0,0001
1973-04-01 06:00:00,-53.302956,0,0001
1973-05-01 06:00:00,-54.117805,0,0001
1973-06-01 06:00:00,-52.965183,0,0001
1973-07-01 06:00:00,-51.868565,0,0001
1973-08-01 06:00:00,-51.01273,0,0001
1973-09-01 06:00:00,-51.818607,0,0001
1973-10-01 06:00:00,-53.694405,0,0001
1973-11-01 06:00:00,-55.254055,0,0001
1973-12-01 06:00:00,-55.784245,0,0001
1974-01-01 06:00:00,-54.217476,0,0001
1974-02-01 06:00:00,-54.218513,0,0001
1974-03-01 06:00:00,-53.297924,0,0001
1974-04-01 06:00:00,-54.651985,0,0001
1974-05-01 06:00:00,-54.76271,0,0001
1974-06-01 06:00:00,-54.7483,0,0001
1974-07-01 06:00:00,-51.930614,0,0001
1974-08-01 06:00:00,-52.43123,0,0001
1974-09-01 06:00:00,-52.27813,0,0001
1974-10-01 06:00:00,-53.88388,0,0001
1974-11-01 06:00:00,-55.702187,0,0001
1974-12-01 06:00:00,-55.25473,0,0001
1975-01-01 06:00:00,-55.283657,0,0001
1975-02-01 06:00:00,-54.177395,0,0001
1975-03-01 06:00:00,-53.752773,0,0001
1975-04-01 06:00:00,-54.207558,0,0001
1975-05-01 06:00:00,-55.1342,0,0001
1975-06-01 06:00:00,-54.004467,0,0001
1975-07-01 06:00:00,-52.384182,0,0001
1975-08-01 06:00:00,-52.02059,0,0001
1975-09-01 06:00:00,-52.588074,0,0001
1975-10-01 06:00:00,-53.662823,0,0001
1975-11-01 06:00:00,-55.758194,0,0001
1975-12-01 06:00:00,-55.943447,0,0001
1976-01-01 06:00:00,-55.472645,0,0001
1976-02-01 06:00:00,-53.89486,0,0001
1976-03-01 06:00:00,-53.56375,0,0001
1976-04-01 06:00:00,-54.86392,0,0001
1976-05-01 06:00:00,-54.293407,0,0001
1976-06-01 06:00:00,-54.139786,0,0001
1976-07-01 06:00:00,-52.95656,0,0001
1976-08-01 06:00:00,-53.02233,0,0001
1976-09-01 06:00:00,-52.955917,0,0001
1976-10-01 06:00:00,-54.618366,0,0001
1976-11-01 06:00:00,-55.23923,0,0001
1976-12-01 06:00:00,-56.345913,0,0001
1977-01-01 06:00:00,-54.277607,0,0001
1977-02-01 06:00:00,-54.82894,0,0001
1977-03-01 06:00:00,-53.885,0,0001
1977-04-01 06:00:00,-54.574196,0,0001
1977-05-01 06:00:00,-53.791737,0,0001
1977-06-01 06:00:00,-53.46165,0,0001
1977-07-01 06:00:00,-51.762474,0,0001
1977-08-01 06:00:00,-51.22785,0,0001
1977-09-01 06:00:00,-52.60724,0,0001
1977-10-01 06:00:00,-53.50547,0,0001
1977-11-01 06:00:00,-53.842625,0,0001
1977-12-01 06:00:00,-54.96081,0,0001
1978-01-01 06:00:00,-54.96954,0,0001
1978-02-01 06:00:00,-54.271133,0,0001
1978-03-01 06:00:00,-53.63937,0,0001
1978-04-01 06:00:00,-54.45519,0,0001
1978-05-01 06:00:00,-53.386005,0,0001
1978-06-01 06:00:00,-53.759003,0,0001
1978-07-01 06:00:00,-51.24062,0,0001
1978-08-01 06:00:00,-51.164635,0,0001
1978-09-01 06:00:00,-52.41867,0,0001
1978-10-01 06:00:00,-52.741512,0,0001
1978-11-01 06:00:00,-54.789806,0,0001
1978-12-01 06:00:00,-55.674984,0,0001
1979-01-01 06:00:00,-54.253323,0,0001
1979-02-01 06:00:00,-53.29471,0,0001
1979-03-01 06:00:00,-53.326103,0,0001
1979-04-01 06:00:00,-55.222515,0,0001
1979-05-01 06:00:00,-53.614773,0,0001
1979-06-01 06:00:00,-53.194065,0,0001
1979-07-01 06:00:00,-50.849407,0,0001
1979-08-01 06:00:00,-51.064625,0,0001
1979-09-01 06:00:00,-51.40848,0,0001
1979-10-01 06:00:00,-52.493073,0,0001
1979-11-01 06:00:00,-54.488323,0,0001
1979-12-01 06:00:00,-54.95912,0,0001
1980-01-01 06:00:00,-54.328983,0,0001
1980-02-01 06:00:00,-53.51841,0,0001
1980-03-01 06:00:00,-53.756756,0,0001
1980-04-01 06:00:00,-54.352665,0,0001
1980-05-01 06:00:00,-53.08963,0,0001
1980-06-01 06:00:00,-53.44606,0,0001
1980-07-01 06:00:00,-50.93236,0,0001
1980-08-01 06:00:00,-51.75877,0,0001
1980-09-01 06:00:00,-51.71078,0,0001
1980-10-01 06:00:00,-52.496773,0,0001
1980-11-01 06:00:00,-54.740036,0,0001
1980-12-01 06:00:00,-55.369434,0,0001
1981-01-01 06:00:00,-54.547882,0,0001
1981-02-01 06:00:00,-52.943356,0,0001
1981-03-01 06:00:00,-53.949696,0,0001
1981-04-01 06:00:00,-54.2774,0,0001
1981-05-01 06:00:00,-53.35332,0,0001
1981-06-01 06:00:00,-53.310207,0,0001
1981-07-01 06:00:00,-51.299084,0,0001
1981-08-01 06:00:00,-51.63774,0,0001
1981-09-01 06:00:00,-52.058327,0,0001
1981-10-01 06:00:00,-52.535233,0,0001
1981-11-01 06:00:00,-53.999676,0,0001
1981-12-01 06:00:00,-55.196194,0,0001
1982-01-01 06:00:00,-54.70236,0,0001
1982-02-01 06:00:00,-53.294094,0,0001
1982-03-01 06:00:00,-52.655815,0,0001
1982-04-01 06:00:00,-54.052044,0,0001
1982-05-01 06:00:00,-53.730236,0,0001
1982-06-01 06:00:00,-52.26126,0,0001
1982-07-01 06:00:00,-52.692936,0,0001
1982-08-01 06:00:00,-51.09896,0,0001
1982-09-01 06:00:00,-51.734486,0,0001
1982-10-01 06:00:00,-52.442104,0,0001
1982-11-01 06:00:00,-54.07461,0,0001
1982-12-01 06:00:00,-54.9385,0,0001
1983-01-01 06:00:00,-54.90912,0,0001
1983-02-01 06:00:00,-54.341415,0,0001
1983-03-01 06:00:00,-52.985153,0,0001
1983-04-01 06:00:00,-53.908916,0,0001
1983-05-01 06:00:00,-53.082466,0,0001
1983-06-01 06:00:00,-53.88162,0,0001
1983-07-01 06:00:00,-50.195915,0,0001
1983-08-01 06:00:00,-50.597363,0,0001
1983-09-01 06:00:00,-51.812912,0,0001
1983-10-01 06:00:00,-53.22105,0,0001
1983-11-01 06:00:00,-54.370388,0,0001
1983-12-01 06:00:00,-55.997616,0,0001
1984-01-01 06:00:00,-54.54984,0,0001
1984-02-01 06:00:00,-53.486874,0,0001
1984-03-01 06:00:00,-53.344448,0,0001
1984-04-01 06:00:00,-54.892357,0,0001
1984-05-01 06:00:00,-53.82952,0,0001
1984-06-01 06:00:00,-53.401546,0,0001
1984-07-01 06:00:00,-51.410633,0,0001
1984-08-01 06:00:00,-51.230663,0,0001
1984-09-01 06:00:00,-52.656853,0,0001
1984-10-01 06:00:00,-52.09314,0,0001
1984-11-01 06:00:00,-54.46743,0,0001
1984-12-01 06:00:00,-54.430923,0,0001
1985-01-01 06:00:00,-55.461613,0,0001
1985-02-01 06:00:00,-53.543102,0,0001
1985-03-01 06:00:00,-53.74295,0,0001
1985-04-01 06:00:00,-54.201824,0,0001
1985-05-01 06:00:00,-53.967648,0,0001
1985-06-01 06:00:00,-53.497665,0,0001
1985-07-01 06:00:00,-50.88694,0,0001
1985-08-01 06:00:00,-51.81112,0,0001
1985-09-01 06:00:00,-51.9324,0,0001
1985-10-01 06:00:00,-52.815723,0,0001
1985-11-01 06:00:00,-53.15573,0,0001
1985-12-01 06:00:00,-55.120262,0,0001
1986-01-01 06:00:00,-55.065624,0,0001
1986-02-01 06:00:00,-54.568478,0,0001
1986-03-01 06:00:00,-53.599068,0,0001
1986-04-01 06:00:00,-53.928772,0,0001
1986-05-01 06:00:00,-53.36817,0,0001
1986-06-01 06:00:00,-52.661407,0,0001
1986-07-01 06:00:00,-50.757454,0,0001
1986-08-01 06:00:00,-51.189384,0,0001
1986-09-01 06:00:00,-52.093124,0,0001
1986-10-01 06:00:00,-52.806564,0,0001
1986-11-01 06:00:00,-53.099163,0,0001
1986-12-01 06:00:00,-55.194454,0,0001
1987-01-01 06:00:00,-55.100906,0,0001
1987-02-01 06:00:00,-53.299133,0,0001
1987-03-01 06:00:00,-53.955494,0,0001
1987-04-01 06:00:00,-54.04394,0,0001
1987-05-01 06:00:00,-53.223698,0,0001
1987-06-01 06:00:00,-52.56389,0,0001
1987-07-01 06:00:00,-51.14499,0,0001
1987-08-01 06:00:00,-50.653065,0,0001
1987-09-01 06:00:00,-53.057396,0,0001
1987-10-01 06:00:00,-53.20388,0,0001
1987-11-01 06:00:00,-54.55998,0,0001
1987-12-01 06:00:00,-54.686794,0,0001
1988-01-01 06:00:00,-53.866108,0,0001
1988-02-01 06:00:00,-53.5208,0,0001
1988-03-01 06:00:00,-53.288635,0,0001
1988-04-01 06:00:00,-53.940037,0,0001
1988-05-01 06:00:00,-53.112247,0,0001
1988-06-01 06:00:00,-52.912235,0,0001
1988-07-01 06:00:00,-50.422314,0,0001
1988-08-01 06:00:00,-50.41967,0,0001
1988-09-01 06:00:00,-51.050087,0,0001
1988-10-01 06:00:00,-53.510536,0,0001
1988-11-01 06:00:00,-54.02517,0,0001
1988-12-01 06:00:00,-54.265656,0,0001
1989-01-01 06:00:00,-54.779247,0,0001
1989-02-01 06:00:00,-53.81953,0,0001
1989-03-01 06:00:00,-53.634487,0,0001
1989-04-01 06:00:00,-54.156437,0,0001
1989-05-01 06:00:00,-53.140976,0,0001
1989-06-01 06:00:00,-52.881657,0,0001
1989-07-01 06:00:00,-50.996853,0,0001
1989-08-01 06:00:00,-50.62892,0,0001
1989-09-01 06:00:00,-51.855114,0,0001
1989-10-01 06:00:00,-52.782158,0,0001
1989-11-01 06:00:00,-54.112038,0,0001
1989-12-01 06:00:00,-54.881046,0,0001
1990-01-01 06:00:00,-52.68764,0,0001
1990-02-01 06:00:00,-53.03115,0,0001
1990-03-01 06:00:00,-53.209663,0,0001
1990-04-01 06:00:00,-53.22707,0,0001
1990-05-01 06:00:00,-53.109608,0,0001
1990-06-01 06:00:00,-52.791943,0,0001
1990-07-01 06:00:00,-50.718052,0,0001
1990-08-01 06:00:00,-50.978794,0,0001
1990-09-01 06:00:00,-51.87986,0,0001
1990-10-01 06:00:00,-53.689674,0,0001
1990-11-01 06:00:00,-54.26914,0,0001
1990-12-01 06:00:00,-54.84211,0,0001
1991-01-01 06:00:00,-54.162952,0,0001
1991-02-01 06:00:00,-54.3298,0,0001
1991-03-01 06:00:00,-52.6751,0,0001
1991-04-01 06:00:00,-54.856663,0,0001
1991-05-01 06:00:00,-53.04902,0,0001
1991-06-01 06:00:00,-52.178974,0,0001
1991-07-01 06:00:00,-51.499355,0,0001
1991-08-01 06:00:00,-50.682377,0,0001
1991-09-01 06:00:00,-51.923634,0,0001
1991-10-01 06:00:00,-52.86636,0,0001
1991-11-01 06:00:00,-54.665234,0,0001
1991-12-01 06:00:00,-54.85277,0,0001
1992-01-01 06:00:00,-54.28027,0,0001
1992-02-01 06:00:00,-53.95,0,0001
1992-03-01 06:00:00,-53.579884,0,0001
1992-04-01 06:00:00,-53.752895,0,0001
1992-05-01 06:00:00,-53.45722,0,0001
1992-06-01 06:00:00,-53.317696,0,0001
1992-07-01 06:00:00,-51.449566,0,0001
1992-08-01 06:00:00,-51.83635,0,0001
1992-09-01 06:00:00,-51.94047,0,0001
1992-10-01 06:00:00,-53.013206,0,0001
1992-11-01 06:00:00,-54.19301,0,0001
1992-12-01 06:00:00,-54.597237,0,0001
1993-01-01 06:00:00,-55.125553,0,0001
1993-02-01 06:00:00,-53.830353,0,0001
1993-03-01 06:00:00,-54.738422,0,0001
1993-04-01 06:00:00,-54.4689,0,0001
1993-05-01 06:00:00,-52.645092,0,0001
1993-06-01 06:00:00,-52.510975,0,0001
1993-07-01 06:00:00,-50.114933,0,0001
1993-08-01 06:00:00,-50.911114,0,0001
1993-09-01 06:00:00,-51.91761,0,0001
1993-10-01 06:00:00,-53.000874,0,0001
1993-11-01 06:00:00,-53.75065,0,0001
1993-12-01 06:00:00,-55.098045,0,0001
1994-01-01 06:00:00,-55.345432,0,0001
1994-02-01 06:00:00,-53.60111,0,0001
1994-03-01 06:00:00,-53.63728,0,0001
1994-04-01 06:00:00,-54.416477,0,0001
1994-05-01 06:00:00,-53.681595,0,0001
1994-06-01 06:00:00,-53.65018,0,0001
1994-07-01 06:00:00,-51.559933,0,0001
1994-08-01 06:00:00,-51.248722,0,0001
1994-09-01 06:00:00,-52.75487,0,0001
1994-10-01 06:00:00,-53.542393,0,0001
1994-11-01 06:00:00,-54.04776,0,0001
1994-12-01 06:00:00,-55.239407,0,0001
1995-01-01 06:00:00,-55.09182,0,0001
1995-02-01 06:00:00,-53.709415,0,0001
1995-03-01 06:00:00,-53.57236,0,0001
1995-04-01 06:00:00,-53.115665,0,0001
1995-05-01 06:00:00,-53.3289,0,0001
1995-06-01 06:00:00,-53.4072,0,0001
1995-07-01 06:00:00,-51.246277,0,0001
1995-08-01 06:00:00,-51.37229,0,0001
1995-09-01 06:00:00,-51.415497,0,0001
1995-10-01 06:00:00,-53.245777,0,0001
1995-11-01 06:00:00,-55.031357,0,0001
1995-12-01 06:00:00,-55.29294,0,0001
1996-01-01 06:00:00,-54.12632,0,0001
1996-02-01 06:00:00,-54.06468,0,0001
1996-03-01 06:00:00,-52.986984,0,0001
1996-04-01 06:00:00,-54.043648,0,0001
1996-05-01 06:00:00,-53.819454,0,0001
1996-06-01 06:00:00,-53.177315,0,0001
1996-07-01 06:00:00,-52.034706,0,0001
1996-08-01 06:00:00,-51.4188,0,0001
1996-09-01 06:00:00,-51.86753,0,0001
1996-10-01 06:00:00,-52.660194,0,0001
1996-11-01 06:00:00,-54.25726,0,0001
1996-12-01 06:00:00,-55.95144,0,0001
1997-01-01 06:00:00,-54.85973,0,0001
1997-02-01 06:00:00,-54.21031,0,0001
1997-03-01 06:00:00,-53.829502,0,0001
1997-04-01 06:00:00,-54.727154,0,0001
1997-05-01 06:00:00,-53.484,0,0001
1997-06-01 06:00:00,-53.177887,0,0001
1997-07-01 06:00:00,-50.689743,0,0001
1997-08-01 06:00:00,-52.171055,0,0001
1997-09-01 06:00:00,-52.439713,0,0001
1997-10-01 06:00:00,-52.581882,0,0001
1997-11-01 06:00:00,-54.48599,0,0001
1997-12-01 06:00:00,-55.02747,0,0001
1998-01-01 06:00:00,-53.658775,0,0001
1998-02-01 06:00:00,-53.657845,0,0001
1998-03-01 06:00:00,-53.371277,0,0001
1998-04-01 06:00:00,-53.117317,0,0001
1998-05-01 06:00:00,-53.18102,0,0001
1998-06-01 06:00:00,-52.241276,0,0001
1998-07-01 06:00:00,-50.415527,0,0001
1998-08-01 06:00:00,-50.135414,0,0001
1998-09-01 06:00:00,-50.84277,0,0001
1998-10-01 06:00:00,-52.808876,0,0001
1998-11-01 06:00:00,-54.20888,0,0001
1998-12-01 06:00:00,-55.445293,0,0001
1999-01-01 06:00:00,-55.377865,0,0001
1999-02-01 06:00:00,-54.000828,0,0001
1999-03-01 06:00:00,-53.718723,0,0001
1999-04-01 06:00:00,-54.557735,0,0001
1999-05-01 06:00:00,-53.774883,0,0001
1999-06-01 06:00:00,-54.46607,0,0001
1999-07-01 06:00:00,-50.755993,0,0001
1999-08-01 06:00:00,-51.849014,0,0001
1999-09-01 06:00:00,-52.302357,0,0001
1999-10-01 06:00:00,-53.32158,0,0001
1999-11-01 06:00:00,-54.543663,0,0001
1999-12-01 06:00:00,-55.34399,0,0001
2000-01-01 06:00:00,-55.765358,0,0001
2000-02-01 06:00:00,-54.439537,0,0001
2000-03-01 06:00:00,-54.225246,0,0001
2000-04-01 06:00:00,-54.6513,0,0001
2000-05-01 06:00:00,-53.29157,0,0001
2000-06-01 06:00:00,-53.508945,0,0001
2000-07-01 06:00:00,-51.225346,0,0001
2000-08-01 06:00:00,-52.240887,0,0001
2000-09-01 06:00:00,-52.54402,0,0001
2000-10-01 06:00:00,-51.969555,0,0001
2000-11-01 06:00:00,-54.463696,0,0001
2000-12-01 06:00:00,-56.190556,0,0001
2001-01-01 06:00:00,-55.201607,0,0001
2001-02-01 06:00:00,-54.517048,0,0001
2001-03-01 06:00:00,-54.463665,0,0001
2001-04-01 06:00:00,-54.314804,0,0001
2001-05-01 06:00:00,-53.804127,0,0001
2001-06-01 06:00:00,-54.374527,0,0001
2001-07-01 06:00:00,-51.559208,0,0001
2001-08-01 06:00:00,-51.10958,0,0001
2001-09-01 06:00:00,-51.947487,0,0001
2001-10-01 06:00:00,-52.524487,0,0001
2001-11-01 06:00:00,-54.690132,0,0001
2001-12-01 06:00:00,-54.906986,0,0001
2002-01-01 06:00:00,-54.723026,0,0001
2002-02-01 06:00:00,-54.55733,0,0001
2002-03-01 06:00:00,-53.284157,0,0001
2002-04-01 06:00:00,-53.707558,0,0001
2002-05-01 06:00:00,-53.942177,0,0001
2002-06-01 06:00:00,-53.1747,0,0001
2002-07-01 06:00:00,-51.601295,0,0001
2002-08-01 06:00:00,-50.058052,0,0001
2002-09-01 06:00:00,-52.195305,0,0001
2002-10-01 06:00:00,-53.03992,0,0001
2002-11-01 06:00:00,-53.832687,0,0001
2002-12-01 06:00:00,-54.453068,0,0001
2003-01-01 06:00:00,-54.952553,0,0001
2003-02-01 06:00:00,-53.66694,0,0001
2003-03-01 06:00:00,-54.385235,0,0001
2003-04-01 06:00:00,-53.732693,0,0001
2003-05-01 06:00:00,-54.05208,0,0001
2003-06-01 06:00:00,-53.455822,0,0001
2003-07-01 06:00:00,-51.399216,0,0001
2003-08-01 06:00:00,-51.137585,0,0001
2003-09-01 06:00:00,-52.112995,0,0001
2003-10-01 06:00:00,-53.274014,0,0001
2003-11-01 06:00:00,-53.56531,0,0001
2003-12-01 06:00:00,-55.74181,0,0001
2004-01-01 06:00:00,-54.061516,0,0001
2004-02-01 06:00:00,-55.07909,0,0001
2004-03-01 06:00:00,-53.42048,0,0001
2004-04-01 06:00:00,-53.725403,0,0001
2004-05-01 06:00:00,-53.26767,0,0001
2004-06-01 06:00:00,-53.18991,0,0001
2004-07-01 06:00:00,-50.96415,0,0001
2004-08-01 06:00:00,-51.22204,0,0001
2004-09-01 06:00:00,-51.84791,0,0001
2004-10-01 06:00:00,-53.321426,0,0001
2004-11-01 06:00:00,-54.868107,0,0001
2004-12-01 06:00:00,-55.35368,0,0001
2005-01-01 06:00:00,-53.69373,0,0001
2005-02-01 06:00:00,-53.524292,0,0001
2005-03-01 06:00:00,-54.170723,0,0001
2005-04-01 06:00:00,-53.907444,0,0001
2005-05-01 06:00:00,-53.40011,0,0001
2005-06-01 06:00:00,-52.139,0,0001
2005-07-01 06:00:00,-50.923428,0,0001
2005-08-01 06:00:00,-50.867527,0,0001
2005-09-01 06:00:00,-51.91957,0,0001
2005-10-01 06:00:00,-52.75954,0,0001
2005-11-01 06:00:00,-54.243717,0,0001
2005-12-01 06:00:00,-55.50907,0,0001
2006-01-01 06:00:00,-53.433994,0,0001
2006-02-01 06:00:00,-53.523407,0,0001
2006-03-01 06:00:00,-54.07142,0,0001
2006-04-01 06:00:00,-53.34732,0,0001
2006-05-01 06:00:00,-54.282005,0,0001
2006-06-01 06:00:00,-54.0508,0,0001
2006-07-01 06:00:00,-50.897873,0,0001
2006-08-01 06:00:00,-52.03465,0,0001
2006-09-01 06:00:00,-52.265312,0,0001
2006-10-01 06:00:00,-52.41648,0,0001
2006-11-01 06:00:00,-54.15638,0,0001
2006-12-01 06:00:00,-55.48499,0,0001
2007-01-01 06:00:00,-54.795074,0,0001
2007-02-01 06:00:00,-53.964565,0,0001
2007-03-01 06:00:00,-53.492615,0,0001
2007-04-01 06:00:00,-53.894268,0,0001
2007-05-01 06:00:00,-54.641193,0,0001
2007-06-01 06:00:00,-52.681606,0,0001
2007-07-01 06:00:00,-51.312744,0,0001
2007-08-01 06:00:00,-50.72308,0,0001
2007-09-01 06:00:00,-52.450592,0,0001
2007-10-01 06:00:00,-53.75085,0,0001
2007-11-01 06:00:00,-55.168163,0,0001
2007-12-01 06:00:00,-54.9318,0,0001
2008-01-01 06:00:00,-54.859367,0,0001
2008-02-01 06:00:00,-54.673374,0,0001
2008-03-01 06:00:00,-55.086906,0,0001
2008-04-01 06:00:00,-54.55231,0,0001
2008-05-01 06:00:00,-54.438515,0,0001
2008-06-01 06:00:00,-53.7456,0,0001
2008-07-01 06:00:00,-52.09789,0,0001
2008-08-01 06:00:00,-51.46558,0,0001
2008-09-01 06:00:00,-51.644382,0,0001
2008-10-01 06:00:00,-53.87501,0,0001
2008-11-01 06:00:00,-54.29339,0,0001
2008-12-01 06:00:00,-55.69987,0,0001
2009-01-01 06:00:00,-54.92307,0,0001
2009-02-01 06:00:00,-54.409798,0,0001
2009-03-01 06:00:00,-54.04205,0,0001
2009-04-01 06:00:00,-54.964706,0,0001
2009-05-01 06:00:00,-54.280125,0,0001
2009-06-01 06:00:00,-53.69108,0,0001
2009-07-01 06:00:00,-51.28202,0,0001
2009-08-01 06:00:00,-51.536205,0,0001
2009-09-01 06:00:00,-51.552456,0,0001
2009-10-01 06:00:00,-53.02411,0,0001
2009-11-01 06:00:00,-53.98855,0,0001
2009-12-01 06:00:00,-55.114292,0,0001
2010-01-01 06:00:00,-54.92809,0,0001
2010-02-01 06:00:00,-53.344673,0,0001
2010-03-01 06:00:00,-53.62781,0,0001
2010-04-01 06:00:00,-53.2205,0,0001
2010-05-01 06:00:00,-53.175987,0,0001
2010-06-01 06:00:00,-51.691597,0,0001
2010-07-01 06:00:00,-49.928257,0,0001
2010-08-01 06:00:00,-50.245586,0,0001
2010-09-01 06:00:00,-51.158203,0,0001
2010-10-01 06:00:00,-52.79041,0,0001
2010-11-01 06:00:00,-54.49115,0,0001
2010-12-01 06:00:00,-55.23884,0,0001
2011-01-01 06:00:00,-54.601734,0,0001
2011-02-01 06:00:00,-53.87924,0,0001
2011-03-01 06:00:00,-53.93762,0,0001
2011-04-01 06:00:00,-54.027843,0,0001
2011-05-01 06:00:00,-53.642677,0,0001
2011-06-01 06:00:00,-51.88437,0,0001
2011-07-01 06:00:00,-50.66526,0,0001
2011-08-01 06:00:00,-51.107178,0,0001
2011-09-01 06:00:00,-52.61535,0,0001
2011-10-01 06:00:00,-53.398308,0,0001
2011-11-01 06:00:00,-54.88418,0,0001
2011-12-01 06:00:00,-55.164272,0,0001
2012-01-01 06:00:00,-55.345932,0,0001
2012-02-01 06:00:00,-54.152763,0,0001
2012-03-01 06:00:00,-53.67567,0,0001
2012-04-01 06:00:00,-53.657135,0,0001
2012-05-01 06:00:00,-53.95938,0,0001
2012-06-01 06:00:00,-52.592293,0,0001
2012-07-01 06:00:00,-50.677254,0,0001
2012-08-01 06:00:00,-51.074844,0,0001
2012-09-01 06:00:00,-51.963776,0,0001
2012-10-01 06:00:00,-53.467175,0,0001
2012-11-01 06:00:00,-53.964615,0,0001
2012-12-01 06:00:00,-54.964756,0,0001
2013-01-01 06:00:00,-54.110546,0,0001
2013-02-01 06:00:00,-53.380825,0,0001
2013-03-01 06:00:00,-53.667454,0,0001
2013-04-01 06:00:00,-53.3781,0,0001
2013-05-01 06:00:00,-53.79706,0,0001
2013-06-01 06:00:00,-53.364227,0,0001
2013-07-01 06:00:00,-50.38871,0,0001
2013-08-01 06:00:00,-52.214867,0,0001
2013-09-01 06:00:00,-51.888187,0,0001
2013-10-01 06:00:00,-53.31013,0,0001
2013-11-01 06:00:00,-54.635918,0,0001
2013-12-01 06:00:00,-54.55948,0,0001
2014-01-01 06:00:00,-54.233494,0,0001
2014-02-01 06:00:00,-53.214134,0,0001
2014-03-01 06:00:00,-53.005245,0,0001
2014-04-01 06:00:00,-53.74892,0,0001
2014-05-01 06:00:00,-53.625954,0,0001
2014-06-01 06:00:00,-53.05656,0,0001
2014-07-01 06:00:00,-50.389412,0,0001
2014-08-01 06:00:00,-51.241196,0,0001
2014-09-01 06:00:00,-52.36963,0,0001
2014-10-01 06:00:00,-52.768764,0,0001
2014-11-01 06:00:00,-53.97423,0,0001
2014-12-01 06:00:00,-54.691486,0,0001
2015-01-01 06:00:00,-54.42307,0,0001
2015-02-01 06:00:00,-53.51297,0,0001
2015-03-01 06:00:00,-53.160583,0,0001
2015-04-01 06:00:00,-53.64235,0,0001
2015-05-01 06:00:00,-53.237534,0,0001
2015-06-01 06:00:00,-52.47113,0,0001
2015-07-01 06:00:00,-50.322895,0,0001
2015-08-01 06:00:00,-50.721783,0,0001
2015-09-01 06:00:00,-51.737953,0,0001
2015-10-01 06:00:00,-52.937435,0,0001
2015-11-01 06:00:00,-53.491856,0,0001
2015-12-01 06:00:00,-54.49376,0,0001
2016-01-01 06:00:00,-53.460323,0,0001
2016-02-01 06:00:00,-53.151314,0,0001
2016-03-01 06:00:00,-52.50652,0,0001
2016-04-01 06:00:00,-52.807644,0,0001
2016-05-01 06:00:00,-52.702854,0,0001
2016-06-01 06:00:00,-52.24348,0,0001
2016-07-01 06:00:00,-49.97396,0,0001
2016-08-01 06:00:00,-51.936096,0,0001
2016-09-01 06:00:00,-51.00953,0,0001
2016-10-01 06:00:00,-51.729458,0,0001
2016-11-01 06:00:00,-53.60495,0,0001
2016-12-01 06:00:00,-54.42287,0,0001
2017-01-01 06:00:00,-54.50931,0,0001
2017-02-01 06:00:00,-53.240566,0,0001
2017-03-01 06:00:00,-53.22146,0,0001
2017-04-01 06:00:00,-53.819046,0,0001
2017-05-01 06:00:00,-52.89886,0,0001
2017-06-01 06:00:00,-53.023872,0,0001
2017-07-01 06:00:00,-51.45616,0,0001
2017-08-01 06:00:00,-50.54409,0,0001
2017-09-01 06:00:00,-51.276634,0,0001
2017-10-01 06:00:00,-52.003807,0,0001
2017-11-01 06:00:00,-53.600502,0,0001
2017-12-01 06:00:00,-54.930622,0,0001
2018-01-01 06:00:00,-54.579136,0,0001
2018-02-01 06:00:00,-52.297318,0,0001
2018-03-01 06:00:00,-53.89265,0,0001
2018-04-01 06:00:00,-54.12538,0,0001
2018-05-01 06:00:00,-53.86385,0,0001
2018-06-01 06:00:00,-53.079308,0,0001
2018-07-01 06:00:00,-51.11252,0,0001
2018-08-01 06:00:00,-50.55042,0,0001
2018-09-01 06:00:00,-51.997128,0,0001
2018-10-01 06:00:00,-52.94174,0,0001
2018-11-01 06:00:00,-53.66536,0,0001
2018-12-01 06:00:00,-55.116062,0,0001
2019-01-01 06:00:00,-54.611645,0,0001
2019-02-01 06:00:00,-53.604187,0,0001
2019-03-01 06:00:00,-53.82753,0,0001
2019-04-01 06:00:00,-53.178017,0,0001
2019-05-01 06:00:00,-52.887154,0,0001
2019-06-01 06:00:00,-51.52709,0,0001
2019-07-01 06:00:00,-50.550213,0,0001
2019-08-01 06:00:00,-50.47263,0,0001
2019-09-01 06:00:00,-51.20568,0,0001
2019-10-01 06:00:00,-52.99564,0,0001
2019-11-01 06:00:00,-53.744358,0,0001
2019-12-01 06:00:00,-53.89035,0,0001
2020-01-01 06:00:00,-53.41437,0,0001
2020-02-01 06:00:00,-53.049168,0,0001
2020-03-01 06:00:00,-52.954094,0,0001
2020-04-01 06:00:00,-53.98248,0,0001
2020-05-01 06:00:00,-53.453854,0,0001
2020-06-01 06:00:00,-52.013004,0,0001
2020-07-01 06:00:00,-49.862823,0,0001
2020-08-01 06:00:00,-50.69857,0,0001
2020-09-01 06:00:00,-51.754845,0,0001
2020-10-01 06:00:00,-53.133057,0,0001
2020-11-01 06:00:00,-54.058254,0,0001
2020-12-01 06:00:00,-54.625523,0,0001
2021-01-01 06:00:00,-54.724613,0,0001
2021-02-01 06:00:00,-53.490913,0,0001
2021-03-01 06:00:00,-54.363743,0,0001
2021-04-01 06:00:00,-54.518066,0,0001
2021-05-01 06:00:00,-53.804787,0,0001
2021-06-01 06:00:00,-53.276867,0,0001
2021-07-01 06:00:00,-50.62197,0,0001
2021-08-01 06:00:00,-50.956852,0,0001
2021-09-01 06:00:00,-51.42009,0,0001
2021-10-01 06:00:00,-53.14884,0,0001
2021-11-01 06:00:00,-54.694935,0,0001
2021-12-01 06:00:00,-54.942856,0,0001
2022-01-01 06:00:00,-54.39794,0,0001
2022-02-01 06:00:00,-54.08634,0,0001
2022-03-01 06:00:00,-54.156845,0,0001
2022-04-01 06:00:00,-54.152256,0,0001
2022-05-01 06:00:00,-54.075623,0,0001
2022-06-01 06:00:00,-53.8289,0,0001
2022-07-01 06:00:00,-50.499454,0,0001
2022-08-01 06:00:00,-50.236214,0,0001
2022-09-01 06:00:00,-51.381332,0,0001
2022-10-01 06:00:00,-53.222843,0,0001
2022-11-01 06:00:00,-53.45642,0,0001
2022-12-01 06:00:00,-54.81279,0,0001
2023-01-01 06:00:00,-54.685974,0,0001
2023-02-01 06:00:00,-54.30034,0,0001
2023-03-01 06:00:00,-53.836246,0,0001
2023-04-01 06:00:00,-54.582413,0,0001
2023-05-01 06:00:00,-53.21253,0,0001
2023-06-01 06:00:00,-53.27251,0,0001
2023-07-01 06:00:00,-50.6551,0,0001
2023-08-01 06:00:00,-50.888382,0,0001
2023-09-01 06:00:00,-51.508236,0,0001
2023-10-01 06:00:00,-52.73922,0,0001
2023-11-01 06:00:00,-53.215748,0,0001
2023-12-01 06:00:00,-53.68674,0,0001
2024-01-01 06:00:00,-53.597797,0,0001
2024-02-01 06:00:00,-51.9875,0,0001
2024-03-01 06:00:00,-52.308914,0,0001
2024-04-01 06:00:00,-52.700027,0,0001
2024-05-01 06:00:00,-53.17904,0,0001
2024-06-01 06:00:00,-51.612648,0,0001
2024-07-01 06:00:00,-50.33187,0,0001
2024-08-01 06:00:00,-51.266445,0,0001
2024-09-01 06:00:00,-50.992603,0,0001
2024-10-01 06:00:00,-52.37715,0,0001
2024-11-01 06:00:00,-53.828438,0,0001
2024-12-01 06:00:00,-54.23358,0,0001
2025-01-01 06:00:00,-55.009987,0,0001
2025-02-01 06:00:00,-52.717773,0,0001
2025-03-01 06:00:00,-53.757477,0,0001
2025-04-01 06:00:00,-52.94,0,0001
2025-05-01 06:00:00,-53.26477,0,0001
2025-06-01 06:00:00,-52.426834,0,0001
2025-07-01 06:00:00,-50.47633,0,0001
2025-08-01 06:00:00,-51.0053,0,0001
2025-09-01 06:00:00,-51.453335,0,0001
2025-10-01 06:00:00,-52.65231,0,0001
2025-11-01 06:00:00,-54.5325,0,0001
2025-12-01 06:00:00,-54.756813,0,0001
2026-01-01 06:00:00,-54.41502,0,0001
2026-02-01 06:00:00,-54.207493,0,0001
2026-03-01 06:00:00,-52.47889,0,0005
2026-04-01 06:00:00,-53.457497,0,0005
