valid_time,sst,number,expver
1940-01-01,286.62054,0,0001
1940-02-01,286.73907,0,0001
1940-03-01,286.7404,0,0001
1940-04-01,286.76028,0,0001
1940-05-01,286.6578,0,0001
1940-06-01,286.5671,0,0001
1940-07-01,286.78577,0,0001
1940-08-01,286.87787,0,0001
1940-09-01,286.7293,0,0001
1940-10-01,286.5238,0,0001
1940-11-01,286.4425,0,0001
1940-12-01,286.48846,0,0001
1941-01-01,286.7121,0,0001
1941-02-01,286.83957,0,0001
1941-03-01,286.7377,0,0001
1941-04-01,286.6803,0,0001
1941-05-01,286.49033,0,0001
1941-06-01,286.5463,0,0001
1941-07-01,286.66177,0,0001
1941-08-01,286.8157,0,0001
1941-09-01,286.69293,0,0001
1941-10-01,286.604,0,0001
1941-11-01,286.4803,0,0001
1941-12-01,286.56433,0,0001
1942-01-01,286.6846,0,0001
1942-02-01,286.78622,0,0001
1942-03-01,286.77957,0,0001
1942-04-01,286.58264,0,0001
1942-05-01,286.52484,0,0001
1942-06-01,286.4708,0,0001
1942-07-01,286.60046,0,0001
1942-08-01,286.7276,0,0001
1942-09-01,286.6304,0,0001
1942-10-01,286.4449,0,0001
1942-11-01,286.30576,0,0001
1942-12-01,286.47052,0,0001
1943-01-01,286.605,0,0001
1943-02-01,286.68,0,0001
1943-03-01,286.56213,0,0001
1943-04-01,286.48215,0,0001
1943-05-01,286.45636,0,0001
1943-06-01,286.4778,0,0001
1943-07-01,286.59518,0,0001
1943-08-01,286.77722,0,0001
1943-09-01,286.65518,0,0001
1943-10-01,286.48148,0,0001
1943-11-01,286.3996,0,0001
1943-12-01,286.45935,0,0001
1944-01-01,286.6248,0,0001
1944-02-01,286.77505,0,0001
1944-03-01,286.80634,0,0001
1944-04-01,286.65598,0,0001
1944-05-01,286.58423,0,0001
1944-06-01,286.52396,0,0001
1944-07-01,286.73206,0,0001
1944-08-01,286.8903,0,0001
1944-09-01,286.83133,0,0001
1944-10-01,286.59903,0,0001
1944-11-01,286.46826,0,0001
1944-12-01,286.49435,0,0001
1945-01-01,286.67792,0,0001
1945-02-01,286.80637,0,0001
1945-03-01,286.71237,0,0001
1945-04-01,286.67545,0,0001
1945-05-01,286.5697,0,0001
1945-06-01,286.55072,0,0001
1945-07-01,286.69403,0,0001
1945-08-01,286.8755,0,0001
1945-09-01,286.7563,0,0001
1945-10-01,286.5595,0,0001
1945-11-01,286.41666,0,0001
1945-12-01,286.51797,0,0001
1946-01-01,286.68335,0,0001
1946-02-01,286.76022,0,0001
1946-03-01,286.71393,0,0001
1946-04-01,286.64337,0,0001
1946-05-01,286.46823,0,0001
1946-06-01,286.45255,0,0001
1946-07-01,286.63013,0,0001
1946-08-01,286.72293,0,0001
1946-09-01,286.73743,0,0001
1946-10-01,286.57864,0,0001
1946-11-01,286.3995,0,0001
1946-12-01,286.48273,0,0001
1947-01-01,286.70654,0,0001
1947-02-01,286.75864,0,0001
1947-03-01,286.71582,0,0001
1947-04-01,286.69467,0,0001
1947-05-01,286.54297,0,0001
1947-06-01,286.57678,0,0001
1947-07-01,286.7275,0,0001
1947-08-01,286.7865,0,0001
1947-09-01,286.63013,0,0001
1947-10-01,286.39948,0,0001
1947-11-01,286.34937,0,0001
1947-12-01,286.38104,0,0001
1948-01-01,286.59732,0,0001
1948-02-01,286.68195,0,0001
1948-03-01,286.6618,0,0001
1948-04-01,286.58667,0,0001
1948-05-01,286.56024,0,0001
1948-06-01,286.5379,0,0001
1948-07-01,286.71237,0,0001
1948-08-01,286.88254,0,0001
1948-09-01,286.6479,0,0001
1948-10-01,286.49384,0,0001
1948-11-01,286.3692,0,0001
1948-12-01,286.45355,0,0001
1949-01-01,286.7185,0,0001
1949-02-01,286.83905,0,0001
1949-03-01,286.6855,0,0001
1949-04-01,286.68744,0,0001
1949-05-01,286.54135,0,0001
1949-06-01,286.49832,0,0001
1949-07-01,286.69073,0,0001
1949-08-01,286.8286,0,0001
1949-09-01,286.6559,0,0001
1949-10-01,286.45193,0,0001
1949-11-01,286.34314,0,0001
1949-12-01,286.41644,0,0001
1950-01-01,286.57867,0,0001
1950-02-01,286.7125,0,0001
1950-03-01,286.66785,0,0001
1950-04-01,286.60645,0,0001
1950-05-01,286.51755,0,0001
1950-06-01,286.47714,0,0001
1950-07-01,286.67017,0,0001
1950-08-01,286.84613,0,0001
1950-09-01,286.71057,0,0001
1950-10-01,286.51883,0,0001
1950-11-01,286.33612,0,0001
1950-12-01,286.42978,0,0001
1951-01-01,286.5994,0,0001
1951-02-01,286.6995,0,0001
1951-03-01,286.6071,0,0001
1951-04-01,286.65823,0,0001
1951-05-01,286.6037,0,0001
1951-06-01,286.6736,0,0001
1951-07-01,286.80585,0,0001
1951-08-01,286.98743,0,0001
1951-09-01,286.79367,0,0001
1951-10-01,286.5882,0,0001
1951-11-01,286.44553,0,0001
1951-12-01,286.49695,0,0001
1952-01-01,286.715,0,0001
1952-02-01,286.86337,0,0001
1952-03-01,286.77914,0,0001
1952-04-01,286.70413,0,0001
1952-05-01,286.6256,0,0001
1952-06-01,286.61493,0,0001
1952-07-01,286.68808,0,0001
1952-08-01,286.8603,0,0001
1952-09-01,286.7152,0,0001
1952-10-01,286.49072,0,0001
1952-11-01,286.41272,0,0001
1952-12-01,286.42795,0,0001
1953-01-01,286.66196,0,0001
1953-02-01,286.78708,0,0001
1953-03-01,286.7403,0,0001
1953-04-01,286.76138,0,0001
1953-05-01,286.6222,0,0001
1953-06-01,286.53772,0,0001
1953-07-01,286.72864,0,0001
1953-08-01,286.87656,0,0001
1953-09-01,286.74866,0,0001
1953-10-01,286.54514,0,0001
1953-11-01,286.378,0,0001
1953-12-01,286.4474,0,0001
1954-01-01,286.63696,0,0001
1954-02-01,286.7457,0,0001
1954-03-01,286.71286,0,0001
1954-04-01,286.58804,0,0001
1954-05-01,286.4634,0,0001
1954-06-01,286.42715,0,0001
1954-07-01,286.58664,0,0001
1954-08-01,286.74243,0,0001
1954-09-01,286.6122,0,0001
1954-10-01,286.34506,0,0001
1954-11-01,286.23477,0,0001
1954-12-01,286.2929,0,0001
1955-01-01,286.53647,0,0001
1955-02-01,286.64325,0,0001
1955-03-01,286.59982,0,0001
1955-04-01,286.51175,0,0001
1955-05-01,286.38104,0,0001
1955-06-01,286.30692,0,0001
1955-07-01,286.6069,0,0001
1955-08-01,286.70554,0,0001
1955-09-01,286.61194,0,0001
1955-10-01,286.31448,0,0001
1955-11-01,286.25262,0,0001
1955-12-01,286.2866,0,0001
1956-01-01,286.50854,0,0001
1956-02-01,286.65375,0,0001
1956-03-01,286.6098,0,0001
1956-04-01,286.52322,0,0001
1956-05-01,286.39194,0,0001
1956-06-01,286.34402,0,0001
1956-07-01,286.5669,0,0001
1956-08-01,286.73495,0,0001
1956-09-01,286.55362,0,0001
1956-10-01,286.388,0,0001
1956-11-01,286.28677,0,0001
1956-12-01,286.38522,0,0001
1957-01-01,286.63104,0,0001
1957-02-01,286.75876,0,0001
1957-03-01,286.75925,0,0001
1957-04-01,286.68604,0,0001
1957-05-01,286.63385,0,0001
1957-06-01,286.59363,0,0001
1957-07-01,286.77353,0,0001
1957-08-01,286.8707,0,0001
1957-09-01,286.7332,0,0001
1957-10-01,286.4982,0,0001
1957-11-01,286.39844,0,0001
1957-12-01,286.4393,0,0001
1958-01-01,286.65225,0,0001
1958-02-01,286.80084,0,0001
1958-03-01,286.77798,0,0001
1958-04-01,286.71976,0,0001
1958-05-01,286.60944,0,0001
1958-06-01,286.63922,0,0001
1958-07-01,286.8001,0,0001
1958-08-01,286.94266,0,0001
1958-09-01,286.78998,0,0001
1958-10-01,286.54208,0,0001
1958-11-01,286.37888,0,0001
1958-12-01,286.44788,0,0001
1959-01-01,286.6818,0,0001
1959-02-01,286.8165,0,0001
1959-03-01,286.7498,0,0001
1959-04-01,286.6397,0,0001
1959-05-01,286.5309,0,0001
1959-06-01,286.51166,0,0001
1959-07-01,286.66614,0,0001
1959-08-01,286.8667,0,0001
1959-09-01,286.72974,0,0001
1959-10-01,286.53378,0,0001
1959-11-01,286.35727,0,0001
1959-12-01,286.44632,0,0001
1960-01-01,286.658,0,0001
1960-02-01,286.75778,0,0001
1960-03-01,286.75723,0,0001
1960-04-01,286.63144,0,0001
1960-05-01,286.56433,0,0001
1960-06-01,286.5334,0,0001
1960-07-01,286.7706,0,0001
1960-08-01,286.89935,0,0001
1960-09-01,286.76517,0,0001
1960-10-01,286.52582,0,0001
1960-11-01,286.42444,0,0001
1960-12-01,286.463,0,0001
1961-01-01,286.67996,0,0001
1961-02-01,286.84998,0,0001
1961-03-01,286.8004,0,0001
1961-04-01,286.71967,0,0001
1961-05-01,286.57562,0,0001
1961-06-01,286.59076,0,0001
1961-07-01,286.81393,0,0001
1961-08-01,286.94012,0,0001
1961-09-01,286.74084,0,0001
1961-10-01,286.51413,0,0001
1961-11-01,286.42212,0,0001
1961-12-01,286.4843,0,0001
1962-01-01,286.63382,0,0001
1962-02-01,286.7544,0,0001
1962-03-01,286.6783,0,0001
1962-04-01,286.6402,0,0001
1962-05-01,286.52948,0,0001
1962-06-01,286.50436,0,0001
1962-07-01,286.7313,0,0001
1962-08-01,286.83786,0,0001
1962-09-01,286.7311,0,0001
1962-10-01,286.49356,0,0001
1962-11-01,286.38654,0,0001
1962-12-01,286.45493,0,0001
1963-01-01,286.61792,0,0001
1963-02-01,286.69543,0,0001
1963-03-01,286.66043,0,0001
1963-04-01,286.6749,0,0001
1963-05-01,286.59448,0,0001
1963-06-01,286.5747,0,0001
1963-07-01,286.8085,0,0001
1963-08-01,286.94543,0,0001
1963-09-01,286.7613,0,0001
1963-10-01,286.55017,0,0001
1963-11-01,286.51236,0,0001
1963-12-01,286.5265,0,0001
1964-01-01,286.70215,0,0001
1964-02-01,286.79333,0,0001
1964-03-01,286.66022,0,0001
1964-04-01,286.5684,0,0001
1964-05-01,286.4845,0,0001
1964-06-01,286.47623,0,0001
1964-07-01,286.66144,0,0001
1964-08-01,286.7623,0,0001
1964-09-01,286.58472,0,0001
1964-10-01,286.33853,0,0001
1964-11-01,286.20288,0,0001
1964-12-01,286.28015,0,0001
1965-01-01,286.5238,0,0001
1965-02-01,286.66672,0,0001
1965-03-01,286.59064,0,0001
1965-04-01,286.619,0,0001
1965-05-01,286.49448,0,0001
1965-06-01,286.45242,0,0001
1965-07-01,286.61838,0,0001
1965-08-01,286.79163,0,0001
1965-09-01,286.72665,0,0001
1965-10-01,286.50247,0,0001
1965-11-01,286.40012,0,0001
1965-12-01,286.4694,0,0001
1966-01-01,286.66245,0,0001
1966-02-01,286.7703,0,0001
1966-03-01,286.71204,0,0001
1966-04-01,286.6556,0,0001
1966-05-01,286.5316,0,0001
1966-06-01,286.5338,0,0001
1966-07-01,286.71964,0,0001
1966-08-01,286.8134,0,0001
1966-09-01,286.68732,0,0001
1966-10-01,286.48123,0,0001
1966-11-01,286.39426,0,0001
1966-12-01,286.46255,0,0001
1967-01-01,286.59946,0,0001
1967-02-01,286.72687,0,0001
1967-03-01,286.71808,0,0001
1967-04-01,286.65857,0,0001
1967-05-01,286.58185,0,0001
1967-06-01,286.57306,0,0001
1967-07-01,286.7135,0,0001
1967-08-01,286.86826,0,0001
1967-09-01,286.73038,0,0001
1967-10-01,286.46252,0,0001
1967-11-01,286.33337,0,0001
1967-12-01,286.38367,0,0001
1968-01-01,286.53574,0,0001
1968-02-01,286.6571,0,0001
1968-03-01,286.562,0,0001
1968-04-01,286.573,0,0001
1968-05-01,286.5111,0,0001
1968-06-01,286.55692,0,0001
1968-07-01,286.7434,0,0001
1968-08-01,286.87845,0,0001
1968-09-01,286.7409,0,0001
1968-10-01,286.52817,0,0001
1968-11-01,286.4044,0,0001
1968-12-01,286.51294,0,0001
1969-01-01,286.78018,0,0001
1969-02-01,286.88498,0,0001
1969-03-01,286.82843,0,0001
1969-04-01,286.76236,0,0001
1969-05-01,286.66003,0,0001
1969-06-01,286.6329,0,0001
1969-07-01,286.7624,0,0001
1969-08-01,286.85507,0,0001
1969-09-01,286.76462,0,0001
1969-10-01,286.50366,0,0001
1969-11-01,286.4275,0,0001
1969-12-01,286.5023,0,0001
1970-01-01,286.6949,0,0001
1970-02-01,286.75412,0,0001
1970-03-01,286.74146,0,0001
1970-04-01,286.6993,0,0001
1970-05-01,286.56348,0,0001
1970-06-01,286.515,0,0001
1970-07-01,286.68964,0,0001
1970-08-01,286.82614,0,0001
1970-09-01,286.6728,0,0001
1970-10-01,286.4859,0,0001
1970-11-01,286.34204,0,0001
1970-12-01,286.41916,0,0001
1971-01-01,286.56696,0,0001
1971-02-01,286.6162,0,0001
1971-03-01,286.58817,0,0001
1971-04-01,286.5119,0,0001
1971-05-01,286.364,0,0001
1971-06-01,286.38922,0,0001
1971-07-01,286.59805,0,0001
1971-08-01,286.71698,0,0001
1971-09-01,286.5854,0,0001
1971-10-01,286.34778,0,0001
1971-11-01,286.27148,0,0001
1971-12-01,286.32172,0,0001
1972-01-01,286.62274,0,0001
1972-02-01,286.7372,0,0001
1972-03-01,286.69077,0,0001
1972-04-01,286.694,0,0001
1972-05-01,286.56903,0,0001
1972-06-01,286.62497,0,0001
1972-07-01,286.80725,0,0001
1972-08-01,286.9113,0,0001
1972-09-01,286.77087,0,0001
1972-10-01,286.56833,0,0001
1972-11-01,286.49716,0,0001
1972-12-01,286.61716,0,0001
1973-01-01,286.77258,0,0001
1973-02-01,286.8815,0,0001
1973-03-01,286.8008,0,0001
1973-04-01,286.67426,0,0001
1973-05-01,286.55682,0,0001
1973-06-01,286.566,0,0001
1973-07-01,286.77505,0,0001
1973-08-01,286.8629,0,0001
1973-09-01,286.72858,0,0001
1973-10-01,286.46588,0,0001
1973-11-01,286.34344,0,0001
1973-12-01,286.3539,0,0001
1974-01-01,286.54462,0,0001
1974-02-01,286.6897,0,0001
1974-03-01,286.62436,0,0001
1974-04-01,286.56097,0,0001
1974-05-01,286.47952,0,0001
1974-06-01,286.44495,0,0001
1974-07-01,286.67105,0,0001
1974-08-01,286.8525,0,0001
1974-09-01,286.7463,0,0001
1974-10-01,286.45258,0,0001
1974-11-01,286.2793,0,0001
1974-12-01,286.38297,0,0001
1975-01-01,286.5646,0,0001
1975-02-01,286.70554,0,0001
1975-03-01,286.69025,0,0001
1975-04-01,286.57138,0,0001
1975-05-01,286.43643,0,0001
1975-06-01,286.42847,0,0001
1975-07-01,286.62216,0,0001
1975-08-01,286.7869,0,0001
1975-09-01,286.60242,0,0001
1975-10-01,286.32626,0,0001
1975-11-01,286.22314,0,0001
1975-12-01,286.2493,0,0001
1976-01-01,286.4302,0,0001
1976-02-01,286.5727,0,0001
1976-03-01,286.57062,0,0001
1976-04-01,286.5053,0,0001
1976-05-01,286.40445,0,0001
1976-06-01,286.50806,0,0001
1976-07-01,286.6928,0,0001
1976-08-01,286.8343,0,0001
1976-09-01,286.6924,0,0001
1976-10-01,286.47656,0,0001
1976-11-01,286.3475,0,0001
1976-12-01,286.4481,0,0001
1977-01-01,286.66858,0,0001
1977-02-01,286.77728,0,0001
1977-03-01,286.73572,0,0001
1977-04-01,286.67435,0,0001
1977-05-01,286.57812,0,0001
1977-06-01,286.6031,0,0001
1977-07-01,286.7778,0,0001
1977-08-01,286.89322,0,0001
1977-09-01,286.80844,0,0001
1977-10-01,286.55884,0,0001
1977-11-01,286.42618,0,0001
1977-12-01,286.4815,0,0001
1978-01-01,286.69254,0,0001
1978-02-01,286.761,0,0001
1978-03-01,286.7109,0,0001
1978-04-01,286.62836,0,0001
1978-05-01,286.54337,0,0001
1978-06-01,286.58545,0,0001
1978-07-01,286.77075,0,0001
1978-08-01,286.8698,0,0001
1978-09-01,286.74664,0,0001
1978-10-01,286.44263,0,0001
1978-11-01,286.4111,0,0001
1978-12-01,286.5122,0,0001
1979-01-01,286.7553,0,0001
1979-02-01,286.85953,0,0001
1979-03-01,286.83844,0,0001
1979-04-01,286.75107,0,0001
1979-05-01,286.62558,0,0001
1979-06-01,286.68747,0,0001
1979-07-01,286.8179,0,0001
1979-08-01,286.95193,0,0001
1979-09-01,286.8967,0,0001
1979-10-01,286.62085,0,0001
1979-11-01,286.541,0,0001
1979-12-01,286.62875,0,0001
1980-01-01,286.85373,0,0001
1980-02-01,286.96243,0,0001
1980-03-01,286.94318,0,0001
1980-04-01,286.82883,0,0001
1980-05-01,286.71347,0,0001
1980-06-01,286.72903,0,0001
1980-07-01,286.83258,0,0001
1980-08-01,286.92346,0,0001
1980-09-01,286.79324,0,0001
1980-10-01,286.5315,0,0001
1980-11-01,286.41653,0,0001
1980-12-01,286.50366,0,0001
1981-01-01,286.67407,0,0001
1981-02-01,286.79123,0,0001
1981-03-01,286.8139,0,0001
1981-04-01,286.76324,0,0001
1981-05-01,286.73294,0,0001
1981-06-01,286.7167,0,0001
1981-07-01,286.83014,0,0001
1981-08-01,286.9059,0,0001
1981-09-01,286.86813,0,0001
1981-10-01,286.64056,0,0001
1981-11-01,286.45395,0,0001
1981-12-01,286.47174,0,0001
1982-01-01,286.71277,0,0001
1982-02-01,286.8318,0,0001
1982-03-01,286.84937,0,0001
1982-04-01,286.77585,0,0001
1982-05-01,286.68848,0,0001
1982-06-01,286.6448,0,0001
1982-07-01,286.7543,0,0001
1982-08-01,286.8783,0,0001
1982-09-01,286.79147,0,0001
1982-10-01,286.59546,0,0001
1982-11-01,286.50354,0,0001
1982-12-01,286.6224,0,0001
1983-01-01,286.8769,0,0001
1983-02-01,287.0386,0,0001
1983-03-01,287.01266,0,0001
1983-04-01,286.88416,0,0001
1983-05-01,286.7318,0,0001
1983-06-01,286.73587,0,0001
1983-07-01,286.80112,0,0001
1983-08-01,286.9242,0,0001
1983-09-01,286.86026,0,0001
1983-10-01,286.57465,0,0001
1983-11-01,286.46094,0,0001
1983-12-01,286.5617,0,0001
1984-01-01,286.77518,0,0001
1984-02-01,286.882,0,0001
1984-03-01,286.81168,0,0001
1984-04-01,286.7345,0,0001
1984-05-01,286.61246,0,0001
1984-06-01,286.59686,0,0001
1984-07-01,286.75775,0,0001
1984-08-01,286.93097,0,0001
1984-09-01,286.87927,0,0001
1984-10-01,286.47446,0,0001
1984-11-01,286.3619,0,0001
1984-12-01,286.56833,0,0001
1985-01-01,286.65805,0,0001
1985-02-01,286.81268,0,0001
1985-03-01,286.73785,0,0001
1985-04-01,286.70612,0,0001
1985-05-01,286.57407,0,0001
1985-06-01,286.57425,0,0001
1985-07-01,286.75018,0,0001
1985-08-01,286.9306,0,0001
1985-09-01,286.79834,0,0001
1985-10-01,286.47342,0,0001
1985-11-01,286.3532,0,0001
1985-12-01,286.38773,0,0001
1986-01-01,286.57376,0,0001
1986-02-01,286.75262,0,0001
1986-03-01,286.7954,0,0001
1986-04-01,286.7149,0,0001
1986-05-01,286.63565,0,0001
1986-06-01,286.6011,0,0001
1986-07-01,286.7525,0,0001
1986-08-01,286.88004,0,0001
1986-09-01,286.81622,0,0001
1986-10-01,286.56567,0,0001
1986-11-01,286.44485,0,0001
1986-12-01,286.49265,0,0001
1987-01-01,286.67853,0,0001
1987-02-01,286.82727,0,0001
1987-03-01,286.90475,0,0001
1987-04-01,286.79306,0,0001
1987-05-01,286.71072,0,0001
1987-06-01,286.7087,0,0001
1987-07-01,286.87634,0,0001
1987-08-01,287.0732,0,0001
1987-09-01,286.98108,0,0001
1987-10-01,286.69098,0,0001
1987-11-01,286.59604,0,0001
1987-12-01,286.60144,0,0001
1988-01-01,286.77917,0,0001
1988-02-01,286.90915,0,0001
1988-03-01,286.88058,0,0001
1988-04-01,286.7936,0,0001
1988-05-01,286.6869,0,0001
1988-06-01,286.68335,0,0001
1988-07-01,286.84198,0,0001
1988-08-01,287.03857,0,0001
1988-09-01,286.85614,0,0001
1988-10-01,286.55112,0,0001
1988-11-01,286.3037,0,0001
1988-12-01,286.40356,0,0001
1989-01-01,286.61136,0,0001
1989-02-01,286.80658,0,0001
1989-03-01,286.82886,0,0001
1989-04-01,286.7116,0,0001
1989-05-01,286.6229,0,0001
1989-06-01,286.63803,0,0001
1989-07-01,286.82483,0,0001
1989-08-01,286.96854,0,0001
1989-09-01,286.8548,0,0001
1989-10-01,286.52927,0,0001
1989-11-01,286.4261,0,0001
1989-12-01,286.51382,0,0001
1990-01-01,286.69836,0,0001
1990-02-01,286.89508,0,0001
1990-03-01,286.85394,0,0001
1990-04-01,286.79715,0,0001
1990-05-01,286.7768,0,0001
1990-06-01,286.7288,0,0001
1990-07-01,286.91666,0,0001
1990-08-01,287.09442,0,0001
1990-09-01,287.0319,0,0001
1990-10-01,286.7703,0,0001
1990-11-01,286.57986,0,0001
1990-12-01,286.63293,0,0001
1991-01-01,286.8702,0,0001
1991-02-01,286.97702,0,0001
1991-03-01,286.9561,0,0001
1991-04-01,286.86472,0,0001
1991-05-01,286.74384,0,0001
1991-06-01,286.81158,0,0001
1991-07-01,286.9805,0,0001
1991-08-01,287.0207,0,0001
1991-09-01,286.88147,0,0001
1991-10-01,286.59305,0,0001
1991-11-01,286.4626,0,0001
1991-12-01,286.5482,0,0001
1992-01-01,286.73816,0,0001
1992-02-01,286.9089,0,0001
1992-03-01,286.83685,0,0001
1992-04-01,286.7618,0,0001
1992-05-01,286.65836,0,0001
1992-06-01,286.70633,0,0001
1992-07-01,286.78867,0,0001
1992-08-01,286.90335,0,0001
1992-09-01,286.77884,0,0001
1992-10-01,286.49365,0,0001
1992-11-01,286.38672,0,0001
1992-12-01,286.46268,0,0001
1993-01-01,286.74002,0,0001
1993-02-01,286.85684,0,0001
1993-03-01,286.84125,0,0001
1993-04-01,286.74847,0,0001
1993-05-01,286.65106,0,0001
1993-06-01,286.65805,0,0001
1993-07-01,286.7936,0,0001
1993-08-01,286.9335,0,0001
1993-09-01,286.828,0,0001
1993-10-01,286.55392,0,0001
1993-11-01,286.45978,0,0001
1993-12-01,286.50024,0,0001
1994-01-01,286.69055,0,0001
1994-02-01,286.79483,0,0001
1994-03-01,286.80527,0,0001
1994-04-01,286.6943,0,0001
1994-05-01,286.59995,0,0001
1994-06-01,286.62683,0,0001
1994-07-01,286.7857,0,0001
1994-08-01,286.97488,0,0001
1994-09-01,286.85333,0,0001
1994-10-01,286.6394,0,0001
1994-11-01,286.48575,0,0001
1994-12-01,286.56152,0,0001
1995-01-01,286.75568,0,0001
1995-02-01,286.92438,0,0001
1995-03-01,286.90878,0,0001
1995-04-01,286.79022,0,0001
1995-05-01,286.71097,0,0001
1995-06-01,286.74655,0,0001
1995-07-01,286.94376,0,0001
1995-08-01,287.07913,0,0001
1995-09-01,286.92426,0,0001
1995-10-01,286.6401,0,0001
1995-11-01,286.48462,0,0001
1995-12-01,286.53403,0,0001
1996-01-01,286.7036,0,0001
1996-02-01,286.8358,0,0001
1996-03-01,286.81042,0,0001
1996-04-01,286.7136,0,0001
1996-05-01,286.60217,0,0001
1996-06-01,286.733,0,0001
1996-07-01,286.85623,0,0001
1996-08-01,286.9947,0,0001
1996-09-01,286.87317,0,0001
1996-10-01,286.59808,0,0001
1996-11-01,286.47113,0,0001
1996-12-01,286.5223,0,0001
1997-01-01,286.729,0,0001
1997-02-01,286.88116,0,0001
1997-03-01,286.89413,0,0001
1997-04-01,286.80573,0,0001
1997-05-01,286.7688,0,0001
1997-06-01,286.8087,0,0001
1997-07-01,287.03204,0,0001
1997-08-01,287.18124,0,0001
1997-09-01,287.1007,0,0001
1997-10-01,286.82886,0,0001
1997-11-01,286.69003,0,0001
1997-12-01,286.76303,0,0001
1998-01-01,286.94305,0,0001
1998-02-01,287.06833,0,0001
1998-03-01,287.0602,0,0001
1998-04-01,286.9374,0,0001
1998-05-01,286.87088,0,0001
1998-06-01,286.89713,0,0001
1998-07-01,287.0847,0,0001
1998-08-01,287.20322,0,0001
1998-09-01,287.04794,0,0001
1998-10-01,286.76587,0,0001
1998-11-01,286.60364,0,0001
1998-12-01,286.57056,0,0001
1999-01-01,286.75476,0,0001
1999-02-01,286.87955,0,0001
1999-03-01,286.90002,0,0001
1999-04-01,286.76358,0,0001
1999-05-01,286.67828,0,0001
1999-06-01,286.71365,0,0001
1999-07-01,286.89215,0,0001
1999-08-01,287.03244,0,0001
1999-09-01,286.91183,0,0001
1999-10-01,286.64005,0,0001
1999-11-01,286.5102,0,0001
1999-12-01,286.51895,0,0001
2000-01-01,286.74176,0,0001
2000-02-01,286.87466,0,0001
2000-03-01,286.84286,0,0001
2000-04-01,286.79993,0,0001
2000-05-01,286.70593,0,0001
2000-06-01,286.71237,0,0001
2000-07-01,286.9085,0,0001
2000-08-01,287.103,0,0001
2000-09-01,286.9707,0,0001
2000-10-01,286.68787,0,0001
2000-11-01,286.58072,0,0001
2000-12-01,286.6172,0,0001
2001-01-01,286.80276,0,0001
2001-02-01,286.95374,0,0001
2001-03-01,286.99728,0,0001
2001-04-01,286.8646,0,0001
2001-05-01,286.76453,0,0001
2001-06-01,286.84912,0,0001
2001-07-01,287.04764,0,0001
2001-08-01,287.1566,0,0001
2001-09-01,287.0736,0,0001
2001-10-01,286.8096,0,0001
2001-11-01,286.67328,0,0001
2001-12-01,286.69266,0,0001
2002-01-01,286.86694,0,0001
2002-02-01,286.96222,0,0001
2002-03-01,287.00104,0,0001
2002-04-01,286.8866,0,0001
2002-05-01,286.79938,0,0001
2002-06-01,286.8572,0,0001
2002-07-01,286.9939,0,0001
2002-08-01,287.1469,0,0001
2002-09-01,287.03995,0,0001
2002-10-01,286.80045,0,0001
2002-11-01,286.62845,0,0001
2002-12-01,286.69748,0,0001
2003-01-01,286.87494,0,0001
2003-02-01,287.03586,0,0001
2003-03-01,287.03265,0,0001
2003-04-01,286.90555,0,0001
2003-05-01,286.80978,0,0001
2003-06-01,286.86707,0,0001
2003-07-01,287.08685,0,0001
2003-08-01,287.2322,0,0001
2003-09-01,287.11572,0,0001
2003-10-01,286.84393,0,0001
2003-11-01,286.669,0,0001
2003-12-01,286.70917,0,0001
2004-01-01,286.89163,0,0001
2004-02-01,287.03348,0,0001
2004-03-01,286.9782,0,0001
2004-04-01,286.90762,0,0001
2004-05-01,286.7805,0,0001
2004-06-01,286.82422,0,0001
2004-07-01,287.05423,0,0001
2004-08-01,287.22845,0,0001
2004-09-01,287.0956,0,0001
2004-10-01,286.823,0,0001
2004-11-01,286.67267,0,0001
2004-12-01,286.7437,0,0001
2005-01-01,286.92303,0,0001
2005-02-01,287.0412,0,0001
2005-03-01,287.02448,0,0001
2005-04-01,286.90475,0,0001
2005-05-01,286.84158,0,0001
2005-06-01,286.8893,0,0001
2005-07-01,287.11722,0,0001
2005-08-01,287.2625,0,0001
2005-09-01,287.1409,0,0001
2005-10-01,286.81277,0,0001
2005-11-01,286.63968,0,0001
2005-12-01,286.6972,0,0001
2006-01-01,286.88583,0,0001
2006-02-01,287.03635,0,0001
2006-03-01,286.9857,0,0001
2006-04-01,286.8938,0,0001
2006-05-01,286.81357,0,0001
2006-06-01,286.8781,0,0001
2006-07-01,287.06522,0,0001
2006-08-01,287.24173,0,0001
2006-09-01,287.12433,0,0001
2006-10-01,286.83945,0,0001
2006-11-01,286.71442,0,0001
2006-12-01,286.75708,0,0001
2007-01-01,286.91364,0,0001
2007-02-01,287.04178,0,0001
2007-03-01,286.9592,0,0001
2007-04-01,286.86157,0,0001
2007-05-01,286.77377,0,0001
2007-06-01,286.8383,0,0001
2007-07-01,287.04495,0,0001
2007-08-01,287.18973,0,0001
2007-09-01,287.1201,0,0001
2007-10-01,286.74765,0,0001
2007-11-01,286.5389,0,0001
2007-12-01,286.56873,0,0001
2008-01-01,286.74576,0,0001
2008-02-01,286.88937,0,0001
2008-03-01,286.89783,0,0001
2008-04-01,286.7927,0,0001
2008-05-01,286.7395,0,0001
2008-06-01,286.80505,0,0001
2008-07-01,287.08215,0,0001
2008-08-01,287.2659,0,0001
2008-09-01,287.12997,0,0001
2008-10-01,286.8162,0,0001
2008-11-01,286.61652,0,0001
2008-12-01,286.68344,0,0001
2009-01-01,286.87247,0,0001
2009-02-01,286.975,0,0001
2009-03-01,286.97067,0,0001
2009-04-01,286.88498,0,0001
2009-05-01,286.83807,0,0001
2009-06-01,286.94897,0,0001
2009-07-01,287.14987,0,0001
2009-08-01,287.31937,0,0001
2009-09-01,287.13547,0,0001
2009-10-01,286.88156,0,0001
2009-11-01,286.71936,0,0001
2009-12-01,286.81708,0,0001
2010-01-01,286.9985,0,0001
2010-02-01,287.1339,0,0001
2010-03-01,287.09875,0,0001
2010-04-01,286.99057,0,0001
2010-05-01,286.88846,0,0001
2010-06-01,286.9326,0,0001
2010-07-01,287.14868,0,0001
2010-08-01,287.30637,0,0001
2010-09-01,287.16272,0,0001
2010-10-01,286.80527,0,0001
2010-11-01,286.59338,0,0001
2010-12-01,286.64197,0,0001
2011-01-01,286.82266,0,0001
2011-02-01,286.9726,0,0001
2011-03-01,286.9553,0,0001
2011-04-01,286.8556,0,0001
2011-05-01,286.7866,0,0001
2011-06-01,286.85297,0,0001
2011-07-01,287.0936,0,0001
2011-08-01,287.2749,0,0001
2011-09-01,287.1247,0,0001
2011-10-01,286.77106,0,0001
2011-11-01,286.58127,0,0001
2011-12-01,286.58038,0,0001
2012-01-01,286.77573,0,0001
2012-02-01,286.926,0,0001
2012-03-01,286.90912,0,0001
2012-04-01,286.86475,0,0001
2012-05-01,286.84732,0,0001
2012-06-01,286.91098,0,0001
2012-07-01,287.17984,0,0001
2012-08-01,287.34558,0,0001
2012-09-01,287.23676,0,0001
2012-10-01,286.91437,0,0001
2012-11-01,286.73428,0,0001
2012-12-01,286.78574,0,0001
2013-01-01,286.91858,0,0001
2013-02-01,287.0278,0,0001
2013-03-01,286.9958,0,0001
2013-04-01,286.88235,0,0001
2013-05-01,286.80487,0,0001
2013-06-01,286.86642,0,0001
2013-07-01,287.16568,0,0001
2013-08-01,287.3371,0,0001
2013-09-01,287.15857,0,0001
2013-10-01,286.82718,0,0001
2013-11-01,286.66516,0,0001
2013-12-01,286.71573,0,0001
2014-01-01,286.91028,0,0001
2014-02-01,287.017,0,0001
2014-03-01,286.99887,0,0001
2014-04-01,286.93503,0,0001
2014-05-01,286.9072,0,0001
2014-06-01,286.989,0,0001
2014-07-01,287.21005,0,0001
2014-08-01,287.39398,0,0001
2014-09-01,287.2339,0,0001
2014-10-01,286.8867,0,0001
2014-11-01,286.70435,0,0001
2014-12-01,286.75082,0,0001
2015-01-01,286.9178,0,0001
2015-02-01,287.037,0,0001
2015-03-01,287.02762,0,0001
2015-04-01,286.96463,0,0001
2015-05-01,286.92783,0,0001
2015-06-01,286.99893,0,0001
2015-07-01,287.2331,0,0001
2015-08-01,287.4283,0,0001
2015-09-01,287.30194,0,0001
2015-10-01,287.00604,0,0001
2015-11-01,286.85364,0,0001
2015-12-01,286.92432,0,0001
2016-01-01,287.1184,0,0001
2016-02-01,287.1848,0,0001
2016-03-01,287.20288,0,0001
2016-04-01,287.08722,0,0001
2016-05-01,287.03653,0,0001
2016-06-01,287.11618,0,0001
2016-07-01,287.36566,0,0001
2016-08-01,287.49136,0,0001
2016-09-01,287.288,0,0001
2016-10-01,286.9677,0,0001
2016-11-01,286.81473,0,0001
2016-12-01,286.87714,0,0001
2017-01-01,287.12195,0,0001
2017-02-01,287.28152,0,0001
2017-03-01,287.23883,0,0001
2017-04-01,287.1097,0,0001
2017-05-01,286.98038,0,0001
2017-06-01,287.03067,0,0001
2017-07-01,287.29813,0,0001
2017-08-01,287.4482,0,0001
2017-09-01,287.29788,0,0001
2017-10-01,287.00238,0,0001
2017-11-01,286.82498,0,0001
2017-12-01,286.8311,0,0001
2018-01-01,287.03442,0,0001
2018-02-01,287.14618,0,0001
2018-03-01,287.14563,0,0001
2018-04-01,287.03558,0,0001
2018-05-01,286.9848,0,0001
2018-06-01,286.99896,0,0001
2018-07-01,287.187,0,0001
2018-08-01,287.38297,0,0001
2018-09-01,287.2963,0,0001
2018-10-01,287.05466,0,0001
2018-11-01,286.85568,0,0001
2018-12-01,286.89096,0,0001
2019-01-01,287.061,0,0001
2019-02-01,287.20526,0,0001
2019-03-01,287.1931,0,0001
2019-04-01,287.09082,0,0001
2019-05-01,287.03275,0,0001
2019-06-01,287.10873,0,0001
2019-07-01,287.345,0,0001
2019-08-01,287.51697,0,0001
2019-09-01,287.35004,0,0001
2019-10-01,287.06924,0,0001
2019-11-01,286.87866,0,0001
2019-12-01,286.93756,0,0001
2020-01-01,287.14316,0,0001
2020-02-01,287.2588,0,0001
2020-03-01,287.25226,0,0001
2020-04-01,287.1404,0,0001
2020-05-01,287.03342,0,0001
2020-06-01,287.09637,0,0001
2020-07-01,287.34134,0,0001
2020-08-01,287.55017,0,0001
2020-09-01,287.39392,0,0001
2020-10-01,287.06122,0,0001
2020-11-01,286.81955,0,0001
2020-12-01,286.82172,0,0001
2021-01-01,287.01804,0,0001
2021-02-01,287.123,0,0001
2021-03-01,287.1188,0,0001
2021-04-01,287.02756,0,0001
2021-05-01,286.95825,0,0001
2021-06-01,287.0289,0,0001
2021-07-01,287.27002,0,0001
2021-08-01,287.45712,0,0001
2021-09-01,287.31866,0,0001
2021-10-01,286.99652,0,0001
2021-11-01,286.8437,0,0001
2021-12-01,286.85608,0,0001
2022-01-01,287.06613,0,0001
2022-02-01,287.15668,0,0001
2022-03-01,287.14337,0,0001
2022-04-01,287.0185,0,0001
2022-05-01,286.9446,0,0001
2022-06-01,287.0133,0,0001
2022-07-01,287.26633,0,0001
2022-08-01,287.48004,0,0001
2022-09-01,287.33557,0,0001
2022-10-01,287.0176,0,0001
2022-11-01,286.8544,0,0001
2022-12-01,286.904,0,0001
2023-01-01,287.05847,0,0001
2023-02-01,287.19034,0,0001
2023-03-01,287.23047,0,0001
2023-04-01,287.16873,0,0001
2023-05-01,287.09418,0,0001
2023-06-01,287.2322,0,0001
2023-07-01,287.5047,0,0001
2023-08-01,287.73373,0,0001
2023-09-01,287.58566,0,0001
2023-10-01,287.27487,0,0001
2023-11-01,287.0837,0,0001
2023-12-01,287.12827,0,0001
2024-01-01,287.3335,0,0001
2024-02-01,287.42178,0,0001
2024-03-01,287.37747,0,0001
2024-04-01,287.28564,0,0001
2024-05-01,287.21472,0,0001
2024-06-01,287.25653,0,0001
2024-07-01,287.49142,0,0001
2024-08-01,287.70074,0,0001
2024-09-01,287.53473,0,0001
2024-10-01,287.21948,0,0001
2024-11-01,287.01944,0,0001
2024-12-01,287.0205,0,0001
2025-01-01,287.2602,0,0001
2025-02-01,287.36438,0,0001
2025-03-01,287.34772,0,0001
2025-04-01,287.2202,0,0001
2025-05-01,287.133,0,0001
2025-06-01,287.1838,0,0001
2025-07-01,287.4584,0,0001
2025-08-01,287.6608,0,0001
2025-09-01,287.48532,0,0001
2025-10-01,287.14627,0,0001
2025-11-01,286.9271,0,0001
2025-12-01,287.00058,0,0001
2026-01-01,287.2157,0,0001
2026-02-01,287.35986,0,0001
2026-03-01,287.36728,0,0005
2026-04-01,287.30737,0,0005
