valid_time,vit,number,expver
1940-01-01,2434053.8,0,0001
1940-02-01,2432309.8,0,0001
1940-03-01,2428613.0,0,0001
1940-04-01,2432184.5,0,0001
1940-05-01,2442807.0,0,0001
1940-06-01,2446418.0,0,0001
1940-07-01,2453042.0,0,0001
1940-08-01,2447337.0,0,0001
1940-09-01,2438328.2,0,0001
1940-10-01,2427514.2,0,0001
1940-11-01,2426173.5,0,0001
1940-12-01,2430122.5,0,0001
1941-01-01,2429586.2,0,0001
1941-02-01,2435528.8,0,0001
1941-03-01,2435623.2,0,0001
1941-04-01,2433700.2,0,0001
1941-05-01,2440840.2,0,0001
1941-06-01,2446853.8,0,0001
1941-07-01,2453012.2,0,0001
1941-08-01,2446065.2,0,0001
1941-09-01,2428889.8,0,0001
1941-10-01,2429946.0,0,0001
1941-11-01,2430972.8,0,0001
1941-12-01,2428481.5,0,0001
1942-01-01,2433242.2,0,0001
1942-02-01,2431926.8,0,0001
1942-03-01,2426850.0,0,0001
1942-04-01,2431490.0,0,0001
1942-05-01,2439940.2,0,0001
1942-06-01,2446236.2,0,0001
1942-07-01,2451321.2,0,0001
1942-08-01,2444844.2,0,0001
1942-09-01,2433879.0,0,0001
1942-10-01,2430714.2,0,0001
1942-11-01,2423499.0,0,0001
1942-12-01,2422683.0,0,0001
1943-01-01,2428084.5,0,0001
1943-02-01,2425054.5,0,0001
1943-03-01,2423713.0,0,0001
1943-04-01,2425891.8,0,0001
1943-05-01,2436286.5,0,0001
1943-06-01,2448581.2,0,0001
1943-07-01,2448083.0,0,0001
1943-08-01,2450734.2,0,0001
1943-09-01,2440510.5,0,0001
1943-10-01,2431869.0,0,0001
1943-11-01,2431779.8,0,0001
1943-12-01,2430646.0,0,0001
1944-01-01,2431732.8,0,0001
1944-02-01,2434040.8,0,0001
1944-03-01,2436297.2,0,0001
1944-04-01,2438614.5,0,0001
1944-05-01,2446163.2,0,0001
1944-06-01,2455386.8,0,0001
1944-07-01,2457677.8,0,0001
1944-08-01,2451073.8,0,0001
1944-09-01,2447139.2,0,0001
1944-10-01,2433204.2,0,0001
1944-11-01,2430152.5,0,0001
1944-12-01,2433153.5,0,0001
1945-01-01,2438584.2,0,0001
1945-02-01,2432621.5,0,0001
1945-03-01,2432620.2,0,0001
1945-04-01,2436579.8,0,0001
1945-05-01,2438907.8,0,0001
1945-06-01,2451517.5,0,0001
1945-07-01,2450066.8,0,0001
1945-08-01,2451245.5,0,0001
1945-09-01,2442642.8,0,0001
1945-10-01,2437179.8,0,0001
1945-11-01,2434548.8,0,0001
1945-12-01,2432447.8,0,0001
1946-01-01,2436008.0,0,0001
1946-02-01,2436303.8,0,0001
1946-03-01,2436496.5,0,0001
1946-04-01,2436571.5,0,0001
1946-05-01,2442441.8,0,0001
1946-06-01,2449338.2,0,0001
1946-07-01,2448739.2,0,0001
1946-08-01,2445143.8,0,0001
1946-09-01,2442146.0,0,0001
1946-10-01,2426453.0,0,0001
1946-11-01,2430515.8,0,0001
1946-12-01,2430974.2,0,0001
1947-01-01,2437012.0,0,0001
1947-02-01,2440235.2,0,0001
1947-03-01,2434982.0,0,0001
1947-04-01,2436867.5,0,0001
1947-05-01,2444148.2,0,0001
1947-06-01,2454540.8,0,0001
1947-07-01,2452397.0,0,0001
1947-08-01,2449561.0,0,0001
1947-09-01,2442350.2,0,0001
1947-10-01,2435935.5,0,0001
1947-11-01,2439267.5,0,0001
1947-12-01,2436307.8,0,0001
1948-01-01,2433476.2,0,0001
1948-02-01,2429015.8,0,0001
1948-03-01,2429670.5,0,0001
1948-04-01,2438371.2,0,0001
1948-05-01,2446928.5,0,0001
1948-06-01,2452429.5,0,0001
1948-07-01,2455080.8,0,0001
1948-08-01,2452164.0,0,0001
1948-09-01,2439628.2,0,0001
1948-10-01,2439170.2,0,0001
1948-11-01,2436567.2,0,0001
1948-12-01,2430442.2,0,0001
1949-01-01,2432052.2,0,0001
1949-02-01,2435240.2,0,0001
1949-03-01,2434650.2,0,0001
1949-04-01,2435675.5,0,0001
1949-05-01,2450595.8,0,0001
1949-06-01,2454113.2,0,0001
1949-07-01,2458827.0,0,0001
1949-08-01,2444603.5,0,0001
1949-09-01,2444791.0,0,0001
1949-10-01,2438043.2,0,0001
1949-11-01,2442117.2,0,0001
1949-12-01,2443736.8,0,0001
1950-01-01,2438918.5,0,0001
1950-02-01,2431575.2,0,0001
1950-03-01,2435037.5,0,0001
1950-04-01,2439702.5,0,0001
1950-05-01,2444830.8,0,0001
1950-06-01,2451486.8,0,0001
1950-07-01,2455326.5,0,0001
1950-08-01,2446121.5,0,0001
1950-09-01,2438467.5,0,0001
1950-10-01,2432572.2,0,0001
1950-11-01,2435823.5,0,0001
1950-12-01,2440185.2,0,0001
1951-01-01,2433458.2,0,0001
1951-02-01,2433347.8,0,0001
1951-03-01,2440808.8,0,0001
1951-04-01,2437887.8,0,0001
1951-05-01,2448128.8,0,0001
1951-06-01,2455016.5,0,0001
1951-07-01,2452522.0,0,0001
1951-08-01,2452288.2,0,0001
1951-09-01,2443245.8,0,0001
1951-10-01,2438660.8,0,0001
1951-11-01,2438721.8,0,0001
1951-12-01,2438603.2,0,0001
1952-01-01,2441500.0,0,0001
1952-02-01,2441856.2,0,0001
1952-03-01,2439094.8,0,0001
1952-04-01,2436094.8,0,0001
1952-05-01,2443861.0,0,0001
1952-06-01,2453750.8,0,0001
1952-07-01,2458015.0,0,0001
1952-08-01,2446588.8,0,0001
1952-09-01,2443120.5,0,0001
1952-10-01,2436646.8,0,0001
1952-11-01,2436305.5,0,0001
1952-12-01,2439723.0,0,0001
1953-01-01,2439743.0,0,0001
1953-02-01,2438065.5,0,0001
1953-03-01,2431870.5,0,0001
1953-04-01,2438041.5,0,0001
1953-05-01,2452855.8,0,0001
1953-06-01,2453807.8,0,0001
1953-07-01,2456565.0,0,0001
1953-08-01,2453427.5,0,0001
1953-09-01,2443610.5,0,0001
1953-10-01,2435260.8,0,0001
1953-11-01,2433491.0,0,0001
1953-12-01,2436818.5,0,0001
1954-01-01,2438473.2,0,0001
1954-02-01,2434005.0,0,0001
1954-03-01,2434485.5,0,0001
1954-04-01,2439490.2,0,0001
1954-05-01,2449462.0,0,0001
1954-06-01,2451235.2,0,0001
1954-07-01,2450078.0,0,0001
1954-08-01,2446991.2,0,0001
1954-09-01,2433738.8,0,0001
1954-10-01,2430520.5,0,0001
1954-11-01,2429980.8,0,0001
1954-12-01,2436154.5,0,0001
1955-01-01,2436329.2,0,0001
1955-02-01,2437134.8,0,0001
1955-03-01,2434243.5,0,0001
1955-04-01,2436014.5,0,0001
1955-05-01,2444951.0,0,0001
1955-06-01,2450081.8,0,0001
1955-07-01,2449184.2,0,0001
1955-08-01,2451278.8,0,0001
1955-09-01,2440363.0,0,0001
1955-10-01,2432232.2,0,0001
1955-11-01,2431140.0,0,0001
1955-12-01,2433596.0,0,0001
1956-01-01,2438927.5,0,0001
1956-02-01,2433890.5,0,0001
1956-03-01,2432446.0,0,0001
1956-04-01,2440586.5,0,0001
1956-05-01,2441071.5,0,0001
1956-06-01,2447699.5,0,0001
1956-07-01,2449424.8,0,0001
1956-08-01,2446975.0,0,0001
1956-09-01,2438327.0,0,0001
1956-10-01,2428846.2,0,0001
1956-11-01,2433709.0,0,0001
1956-12-01,2436701.5,0,0001
1957-01-01,2431543.8,0,0001
1957-02-01,2441867.5,0,0001
1957-03-01,2437253.8,0,0001
1957-04-01,2438989.0,0,0001
1957-05-01,2448181.8,0,0001
1957-06-01,2456134.5,0,0001
1957-07-01,2454921.8,0,0001
1957-08-01,2450982.8,0,0001
1957-09-01,2442797.5,0,0001
1957-10-01,2436816.5,0,0001
1957-11-01,2440250.5,0,0001
1957-12-01,2437216.2,0,0001
1958-01-01,2440073.0,0,0001
1958-02-01,2444733.5,0,0001
1958-03-01,2441345.8,0,0001
1958-04-01,2441077.0,0,0001
1958-05-01,2447003.8,0,0001
1958-06-01,2453480.2,0,0001
1958-07-01,2454444.0,0,0001
1958-08-01,2449249.5,0,0001
1958-09-01,2437308.5,0,0001
1958-10-01,2432849.8,0,0001
1958-11-01,2435742.2,0,0001
1958-12-01,2437218.0,0,0001
1959-01-01,2440268.5,0,0001
1959-02-01,2431745.5,0,0001
1959-03-01,2435382.5,0,0001
1959-04-01,2444851.2,0,0001
1959-05-01,2448299.0,0,0001
1959-06-01,2453058.2,0,0001
1959-07-01,2454239.8,0,0001
1959-08-01,2453698.5,0,0001
1959-09-01,2439203.5,0,0001
1959-10-01,2433727.5,0,0001
1959-11-01,2431438.5,0,0001
1959-12-01,2434635.8,0,0001
1960-01-01,2441301.2,0,0001
1960-02-01,2438604.0,0,0001
1960-03-01,2429830.5,0,0001
1960-04-01,2439267.8,0,0001
1960-05-01,2447503.5,0,0001
1960-06-01,2452285.8,0,0001
1960-07-01,2452892.2,0,0001
1960-08-01,2452414.8,0,0001
1960-09-01,2439820.2,0,0001
1960-10-01,2435146.0,0,0001
1960-11-01,2433530.2,0,0001
1960-12-01,2438092.0,0,0001
1961-01-01,2440293.5,0,0001
1961-02-01,2433703.8,0,0001
1961-03-01,2436073.5,0,0001
1961-04-01,2443651.2,0,0001
1961-05-01,2447115.8,0,0001
1961-06-01,2454075.2,0,0001
1961-07-01,2454561.0,0,0001
1961-08-01,2449682.2,0,0001
1961-09-01,2443342.2,0,0001
1961-10-01,2432218.8,0,0001
1961-11-01,2429249.8,0,0001
1961-12-01,2429372.8,0,0001
1962-01-01,2430784.2,0,0001
1962-02-01,2434573.8,0,0001
1962-03-01,2437095.8,0,0001
1962-04-01,2434417.5,0,0001
1962-05-01,2442242.8,0,0001
1962-06-01,2450155.0,0,0001
1962-07-01,2450225.2,0,0001
1962-08-01,2448038.0,0,0001
1962-09-01,2439129.5,0,0001
1962-10-01,2432487.0,0,0001
1962-11-01,2436500.2,0,0001
1962-12-01,2433108.2,0,0001
1963-01-01,2436012.5,0,0001
1963-02-01,2436391.8,0,0001
1963-03-01,2432109.0,0,0001
1963-04-01,2437719.0,0,0001
1963-05-01,2444184.8,0,0001
1963-06-01,2451551.5,0,0001
1963-07-01,2453109.5,0,0001
1963-08-01,2453120.5,0,0001
1963-09-01,2442605.8,0,0001
1963-10-01,2433490.5,0,0001
1963-11-01,2430239.8,0,0001
1963-12-01,2436722.8,0,0001
1964-01-01,2434652.5,0,0001
1964-02-01,2433862.2,0,0001
1964-03-01,2434792.5,0,0001
1964-04-01,2437630.8,0,0001
1964-05-01,2440271.8,0,0001
1964-06-01,2451278.2,0,0001
1964-07-01,2456328.8,0,0001
1964-08-01,2452148.8,0,0001
1964-09-01,2439405.2,0,0001
1964-10-01,2432539.5,0,0001
1964-11-01,2436331.8,0,0001
1964-12-01,2435008.8,0,0001
1965-01-01,2435222.8,0,0001
1965-02-01,2438582.5,0,0001
1965-03-01,2432225.2,0,0001
1965-04-01,2434503.8,0,0001
1965-05-01,2443438.2,0,0001
1965-06-01,2448785.8,0,0001
1965-07-01,2452804.0,0,0001
1965-08-01,2448413.2,0,0001
1965-09-01,2440435.0,0,0001
1965-10-01,2430948.5,0,0001
1965-11-01,2434316.0,0,0001
1965-12-01,2438643.5,0,0001
1966-01-01,2435363.0,0,0001
1966-02-01,2441839.2,0,0001
1966-03-01,2439995.2,0,0001
1966-04-01,2442082.2,0,0001
1966-05-01,2442967.8,0,0001
1966-06-01,2450620.0,0,0001
1966-07-01,2457366.8,0,0001
1966-08-01,2448528.2,0,0001
1966-09-01,2440688.5,0,0001
1966-10-01,2429895.5,0,0001
1966-11-01,2435282.5,0,0001
1966-12-01,2439249.8,0,0001
1967-01-01,2436688.0,0,0001
1967-02-01,2431387.8,0,0001
1967-03-01,2430882.5,0,0001
1967-04-01,2433446.8,0,0001
1967-05-01,2445981.0,0,0001
1967-06-01,2450619.8,0,0001
1967-07-01,2452321.5,0,0001
1967-08-01,2447942.0,0,0001
1967-09-01,2440421.5,0,0001
1967-10-01,2431215.5,0,0001
1967-11-01,2431975.8,0,0001
1967-12-01,2436617.2,0,0001
1968-01-01,2439693.5,0,0001
1968-02-01,2437184.8,0,0001
1968-03-01,2431589.5,0,0001
1968-04-01,2434719.8,0,0001
1968-05-01,2444261.0,0,0001
1968-06-01,2447607.2,0,0001
1968-07-01,2451488.5,0,0001
1968-08-01,2447066.8,0,0001
1968-09-01,2437150.0,0,0001
1968-10-01,2433656.2,0,0001
1968-11-01,2437614.0,0,0001
1968-12-01,2437456.0,0,0001
1969-01-01,2443205.5,0,0001
1969-02-01,2437885.2,0,0001
1969-03-01,2435397.2,0,0001
1969-04-01,2441641.8,0,0001
1969-05-01,2448753.5,0,0001
1969-06-01,2454711.5,0,0001
1969-07-01,2451601.5,0,0001
1969-08-01,2449433.0,0,0001
1969-09-01,2440315.0,0,0001
1969-10-01,2432515.2,0,0001
1969-11-01,2430375.8,0,0001
1969-12-01,2437371.8,0,0001
1970-01-01,2441366.0,0,0001
1970-02-01,2439625.2,0,0001
1970-03-01,2437430.2,0,0001
1970-04-01,2438300.5,0,0001
1970-05-01,2444602.2,0,0001
1970-06-01,2449369.2,0,0001
1970-07-01,2453626.8,0,0001
1970-08-01,2445456.5,0,0001
1970-09-01,2440788.2,0,0001
1970-10-01,2434275.5,0,0001
1970-11-01,2430728.5,0,0001
1970-12-01,2434251.5,0,0001
1971-01-01,2437647.8,0,0001
1971-02-01,2437258.8,0,0001
1971-03-01,2435856.5,0,0001
1971-04-01,2440121.0,0,0001
1971-05-01,2442802.8,0,0001
1971-06-01,2449764.5,0,0001
1971-07-01,2451615.0,0,0001
1971-08-01,2445466.8,0,0001
1971-09-01,2437160.0,0,0001
1971-10-01,2429166.8,0,0001
1971-11-01,2427400.0,0,0001
1971-12-01,2432904.0,0,0001
1972-01-01,2433698.2,0,0001
1972-02-01,2432530.2,0,0001
1972-03-01,2433500.8,0,0001
1972-04-01,2437322.5,0,0001
1972-05-01,2443601.8,0,0001
1972-06-01,2451928.5,0,0001
1972-07-01,2454763.8,0,0001
1972-08-01,2450915.2,0,0001
1972-09-01,2443473.8,0,0001
1972-10-01,2433594.0,0,0001
1972-11-01,2432501.0,0,0001
1972-12-01,2433817.2,0,0001
1973-01-01,2437238.0,0,0001
1973-02-01,2437795.5,0,0001
1973-03-01,2435512.0,0,0001
1973-04-01,2442903.0,0,0001
1973-05-01,2445079.8,0,0001
1973-06-01,2451084.0,0,0001
1973-07-01,2452599.0,0,0001
1973-08-01,2445879.2,0,0001
1973-09-01,2437944.2,0,0001
1973-10-01,2431124.0,0,0001
1973-11-01,2432998.2,0,0001
1973-12-01,2430497.2,0,0001
1974-01-01,2436416.8,0,0001
1974-02-01,2431100.0,0,0001
1974-03-01,2432892.2,0,0001
1974-04-01,2436157.5,0,0001
1974-05-01,2439963.0,0,0001
1974-06-01,2448538.0,0,0001
1974-07-01,2448894.5,0,0001
1974-08-01,2449103.8,0,0001
1974-09-01,2435935.0,0,0001
1974-10-01,2432759.5,0,0001
1974-11-01,2433095.2,0,0001
1974-12-01,2433707.2,0,0001
1975-01-01,2434170.8,0,0001
1975-02-01,2434380.8,0,0001
1975-03-01,2435849.0,0,0001
1975-04-01,2439609.5,0,0001
1975-05-01,2445151.5,0,0001
1975-06-01,2450367.2,0,0001
1975-07-01,2450141.8,0,0001
1975-08-01,2446507.0,0,0001
1975-09-01,2435606.5,0,0001
1975-10-01,2428133.2,0,0001
1975-11-01,2427547.2,0,0001
1975-12-01,2429851.2,0,0001
1976-01-01,2434645.8,0,0001
1976-02-01,2429369.2,0,0001
1976-03-01,2430384.0,0,0001
1976-04-01,2434291.5,0,0001
1976-05-01,2439891.2,0,0001
1976-06-01,2447515.0,0,0001
1976-07-01,2449754.8,0,0001
1976-08-01,2442541.5,0,0001
1976-09-01,2436016.5,0,0001
1976-10-01,2426889.5,0,0001
1976-11-01,2432447.2,0,0001
1976-12-01,2440471.0,0,0001
1977-01-01,2448769.8,0,0001
1977-02-01,2435831.5,0,0001
1977-03-01,2434878.5,0,0001
1977-04-01,2438668.8,0,0001
1977-05-01,2447364.5,0,0001
1977-06-01,2454592.2,0,0001
1977-07-01,2456485.0,0,0001
1977-08-01,2453031.2,0,0001
1977-09-01,2434938.0,0,0001
1977-10-01,2431655.2,0,0001
1977-11-01,2433120.0,0,0001
1977-12-01,2434687.5,0,0001
1978-01-01,2434186.2,0,0001
1978-02-01,2437269.8,0,0001
1978-03-01,2436509.0,0,0001
1978-04-01,2442322.8,0,0001
1978-05-01,2446877.8,0,0001
1978-06-01,2450243.5,0,0001
1978-07-01,2455852.5,0,0001
1978-08-01,2445629.0,0,0001
1978-09-01,2439301.0,0,0001
1978-10-01,2432190.8,0,0001
1978-11-01,2429641.8,0,0001
1978-12-01,2435862.0,0,0001
1979-01-01,2439230.0,0,0001
1979-02-01,2435867.8,0,0001
1979-03-01,2439162.5,0,0001
1979-04-01,2440806.2,0,0001
1979-05-01,2445057.8,0,0001
1979-06-01,2449376.5,0,0001
1979-07-01,2451670.5,0,0001
1979-08-01,2449716.0,0,0001
1979-09-01,2442207.5,0,0001
1979-10-01,2436250.0,0,0001
1979-11-01,2435297.0,0,0001
1979-12-01,2436568.8,0,0001
1980-01-01,2439965.8,0,0001
1980-02-01,2439622.5,0,0001
1980-03-01,2441310.8,0,0001
1980-04-01,2445260.2,0,0001
1980-05-01,2451091.0,0,0001
1980-06-01,2453957.5,0,0001
1980-07-01,2458530.5,0,0001
1980-08-01,2450984.0,0,0001
1980-09-01,2442585.0,0,0001
1980-10-01,2433560.2,0,0001
1980-11-01,2434840.0,0,0001
1980-12-01,2434371.5,0,0001
1981-01-01,2433801.0,0,0001
1981-02-01,2438622.5,0,0001
1981-03-01,2442474.8,0,0001
1981-04-01,2440231.0,0,0001
1981-05-01,2446241.2,0,0001
1981-06-01,2452546.5,0,0001
1981-07-01,2456457.2,0,0001
1981-08-01,2454002.8,0,0001
1981-09-01,2443300.0,0,0001
1981-10-01,2435842.5,0,0001
1981-11-01,2431345.8,0,0001
1981-12-01,2436857.5,0,0001
1982-01-01,2437724.2,0,0001
1982-02-01,2436048.2,0,0001
1982-03-01,2432087.0,0,0001
1982-04-01,2436783.0,0,0001
1982-05-01,2446190.5,0,0001
1982-06-01,2452259.0,0,0001
1982-07-01,2453848.0,0,0001
1982-08-01,2448923.5,0,0001
1982-09-01,2438160.8,0,0001
1982-10-01,2434460.0,0,0001
1982-11-01,2434230.2,0,0001
1982-12-01,2437318.5,0,0001
1983-01-01,2436746.5,0,0001
1983-02-01,2436633.0,0,0001
1983-03-01,2441433.2,0,0001
1983-04-01,2444001.0,0,0001
1983-05-01,2449858.0,0,0001
1983-06-01,2450126.8,0,0001
1983-07-01,2453928.2,0,0001
1983-08-01,2449824.2,0,0001
1983-09-01,2441971.8,0,0001
1983-10-01,2429722.0,0,0001
1983-11-01,2430221.0,0,0001
1983-12-01,2432694.2,0,0001
1984-01-01,2434041.8,0,0001
1984-02-01,2435311.2,0,0001
1984-03-01,2438364.0,0,0001
1984-04-01,2439008.5,0,0001
1984-05-01,2446100.2,0,0001
1984-06-01,2450477.5,0,0001
1984-07-01,2452644.2,0,0001
1984-08-01,2449306.8,0,0001
1984-09-01,2438398.2,0,0001
1984-10-01,2434254.5,0,0001
1984-11-01,2431094.8,0,0001
1984-12-01,2437437.5,0,0001
1985-01-01,2442588.8,0,0001
1985-02-01,2435857.0,0,0001
1985-03-01,2433715.0,0,0001
1985-04-01,2439456.5,0,0001
1985-05-01,2444747.5,0,0001
1985-06-01,2451875.5,0,0001
1985-07-01,2449403.0,0,0001
1985-08-01,2448516.2,0,0001
1985-09-01,2437733.8,0,0001
1985-10-01,2428213.0,0,0001
1985-11-01,2429180.2,0,0001
1985-12-01,2434861.0,0,0001
1986-01-01,2435588.8,0,0001
1986-02-01,2436884.0,0,0001
1986-03-01,2432169.2,0,0001
1986-04-01,2439357.2,0,0001
1986-05-01,2448278.2,0,0001
1986-06-01,2450752.0,0,0001
1986-07-01,2452412.8,0,0001
1986-08-01,2448208.2,0,0001
1986-09-01,2436179.5,0,0001
1986-10-01,2428256.2,0,0001
1986-11-01,2430923.8,0,0001
1986-12-01,2432804.2,0,0001
1987-01-01,2439734.2,0,0001
1987-02-01,2441614.0,0,0001
1987-03-01,2436609.2,0,0001
1987-04-01,2440016.0,0,0001
1987-05-01,2445804.5,0,0001
1987-06-01,2456265.2,0,0001
1987-07-01,2457504.2,0,0001
1987-08-01,2448632.0,0,0001
1987-09-01,2439116.8,0,0001
1987-10-01,2432115.2,0,0001
1987-11-01,2429667.2,0,0001
1987-12-01,2441104.8,0,0001
1988-01-01,2436948.2,0,0001
1988-02-01,2435703.2,0,0001
1988-03-01,2438052.0,0,0001
1988-04-01,2440875.8,0,0001
1988-05-01,2450883.8,0,0001
1988-06-01,2455179.8,0,0001
1988-07-01,2456312.2,0,0001
1988-08-01,2453535.8,0,0001
1988-09-01,2444324.2,0,0001
1988-10-01,2437741.5,0,0001
1988-11-01,2434406.8,0,0001
1988-12-01,2432534.2,0,0001
1989-01-01,2429090.8,0,0001
1989-02-01,2433346.2,0,0001
1989-03-01,2436416.5,0,0001
1989-04-01,2441647.2,0,0001
1989-05-01,2441289.5,0,0001
1989-06-01,2447198.2,0,0001
1989-07-01,2451466.5,0,0001
1989-08-01,2450411.0,0,0001
1989-09-01,2440728.8,0,0001
1989-10-01,2431480.2,0,0001
1989-11-01,2430566.0,0,0001
1989-12-01,2437864.2,0,0001
1990-01-01,2437817.8,0,0001
1990-02-01,2433472.5,0,0001
1990-03-01,2432946.8,0,0001
1990-04-01,2438880.2,0,0001
1990-05-01,2447997.8,0,0001
1990-06-01,2454362.0,0,0001
1990-07-01,2458603.0,0,0001
1990-08-01,2451668.5,0,0001
1990-09-01,2441009.2,0,0001
1990-10-01,2431859.5,0,0001
1990-11-01,2432259.2,0,0001
1990-12-01,2434394.2,0,0001
1991-01-01,2436199.5,0,0001
1991-02-01,2441455.8,0,0001
1991-03-01,2438918.5,0,0001
1991-04-01,2440218.5,0,0001
1991-05-01,2448206.8,0,0001
1991-06-01,2457455.2,0,0001
1991-07-01,2459653.5,0,0001
1991-08-01,2452930.8,0,0001
1991-09-01,2446650.0,0,0001
1991-10-01,2434823.5,0,0001
1991-11-01,2433563.0,0,0001
1991-12-01,2436569.2,0,0001
1992-01-01,2437117.2,0,0001
1992-02-01,2438098.8,0,0001
1992-03-01,2437712.0,0,0001
1992-04-01,2441692.8,0,0001
1992-05-01,2445716.0,0,0001
1992-06-01,2454618.5,0,0001
1992-07-01,2452549.0,0,0001
1992-08-01,2446245.5,0,0001
1992-09-01,2439487.8,0,0001
1992-10-01,2433927.2,0,0001
1992-11-01,2430724.0,0,0001
1992-12-01,2430936.2,0,0001
1993-01-01,2430683.0,0,0001
1993-02-01,2433209.5,0,0001
1993-03-01,2430292.0,0,0001
1993-04-01,2437158.2,0,0001
1993-05-01,2445277.5,0,0001
1993-06-01,2450960.2,0,0001
1993-07-01,2452900.8,0,0001
1993-08-01,2448367.5,0,0001
1993-09-01,2437186.8,0,0001
1993-10-01,2430332.8,0,0001
1993-11-01,2428525.8,0,0001
1993-12-01,2434183.2,0,0001
1994-01-01,2438132.2,0,0001
1994-02-01,2433217.5,0,0001
1994-03-01,2430001.5,0,0001
1994-04-01,2441121.8,0,0001
1994-05-01,2444130.0,0,0001
1994-06-01,2454713.2,0,0001
1994-07-01,2454296.2,0,0001
1994-08-01,2445185.0,0,0001
1994-09-01,2439785.5,0,0001
1994-10-01,2429758.0,0,0001
1994-11-01,2431479.0,0,0001
1994-12-01,2431923.5,0,0001
1995-01-01,2435609.0,0,0001
1995-02-01,2435451.8,0,0001
1995-03-01,2433514.5,0,0001
1995-04-01,2443303.8,0,0001
1995-05-01,2444645.8,0,0001
1995-06-01,2452532.8,0,0001
1995-07-01,2458372.0,0,0001
1995-08-01,2450949.2,0,0001
1995-09-01,2441147.8,0,0001
1995-10-01,2432161.5,0,0001
1995-11-01,2431947.0,0,0001
1995-12-01,2429608.5,0,0001
1996-01-01,2433348.0,0,0001
1996-02-01,2433558.0,0,0001
1996-03-01,2435699.5,0,0001
1996-04-01,2442457.0,0,0001
1996-05-01,2441944.5,0,0001
1996-06-01,2449204.5,0,0001
1996-07-01,2451419.5,0,0001
1996-08-01,2452511.5,0,0001
1996-09-01,2444987.2,0,0001
1996-10-01,2431140.2,0,0001
1996-11-01,2435071.8,0,0001
1996-12-01,2437373.2,0,0001
1997-01-01,2432924.0,0,0001
1997-02-01,2431365.0,0,0001
1997-03-01,2432181.5,0,0001
1997-04-01,2433563.5,0,0001
1997-05-01,2444832.5,0,0001
1997-06-01,2453786.2,0,0001
1997-07-01,2452449.0,0,0001
1997-08-01,2447828.5,0,0001
1997-09-01,2440275.0,0,0001
1997-10-01,2433267.2,0,0001
1997-11-01,2434363.8,0,0001
1997-12-01,2435442.2,0,0001
1998-01-01,2442697.8,0,0001
1998-02-01,2438954.5,0,0001
1998-03-01,2438135.8,0,0001
1998-04-01,2442373.0,0,0001
1998-05-01,2448690.0,0,0001
1998-06-01,2457340.2,0,0001
1998-07-01,2457017.5,0,0001
1998-08-01,2452057.8,0,0001
1998-09-01,2444260.0,0,0001
1998-10-01,2434001.8,0,0001
1998-11-01,2431921.2,0,0001
1998-12-01,2433671.8,0,0001
1999-01-01,2436355.0,0,0001
1999-02-01,2436522.0,0,0001
1999-03-01,2439806.8,0,0001
1999-04-01,2437523.8,0,0001
1999-05-01,2444210.2,0,0001
1999-06-01,2450632.8,0,0001
1999-07-01,2453629.5,0,0001
1999-08-01,2449158.5,0,0001
1999-09-01,2441426.8,0,0001
1999-10-01,2429492.5,0,0001
1999-11-01,2427195.2,0,0001
1999-12-01,2428171.5,0,0001
2000-01-01,2426951.8,0,0001
2000-02-01,2431715.8,0,0001
2000-03-01,2435736.2,0,0001
2000-04-01,2437743.8,0,0001
2000-05-01,2442335.8,0,0001
2000-06-01,2450260.8,0,0001
2000-07-01,2452841.5,0,0001
2000-08-01,2447926.8,0,0001
2000-09-01,2439445.8,0,0001
2000-10-01,2432054.5,0,0001
2000-11-01,2436597.8,0,0001
2000-12-01,2438941.5,0,0001
2001-01-01,2434679.8,0,0001
2001-02-01,2441226.8,0,0001
2001-03-01,2437503.5,0,0001
2001-04-01,2436619.2,0,0001
2001-05-01,2445945.2,0,0001
2001-06-01,2450764.2,0,0001
2001-07-01,2454829.2,0,0001
2001-08-01,2449564.5,0,0001
2001-09-01,2440778.5,0,0001
2001-10-01,2430625.2,0,0001
2001-11-01,2428002.5,0,0001
2001-12-01,2434322.5,0,0001
2002-01-01,2438555.8,0,0001
2002-02-01,2435399.5,0,0001
2002-03-01,2440153.5,0,0001
2002-04-01,2439401.0,0,0001
2002-05-01,2450966.2,0,0001
2002-06-01,2454083.2,0,0001
2002-07-01,2457149.2,0,0001
2002-08-01,2453507.0,0,0001
2002-09-01,2447367.8,0,0001
2002-10-01,2442601.5,0,0001
2002-11-01,2438284.0,0,0001
2002-12-01,2436344.8,0,0001
2003-01-01,2441042.0,0,0001
2003-02-01,2438863.5,0,0001
2003-03-01,2435919.8,0,0001
2003-04-01,2439600.0,0,0001
2003-05-01,2445869.5,0,0001
2003-06-01,2452835.2,0,0001
2003-07-01,2453646.0,0,0001
2003-08-01,2450340.2,0,0001
2003-09-01,2441415.2,0,0001
2003-10-01,2437408.5,0,0001
2003-11-01,2434221.5,0,0001
2003-12-01,2438983.2,0,0001
2004-01-01,2442807.8,0,0001
2004-02-01,2441996.0,0,0001
2004-03-01,2437871.0,0,0001
2004-04-01,2441749.5,0,0001
2004-05-01,2448034.0,0,0001
2004-06-01,2451714.5,0,0001
2004-07-01,2450345.8,0,0001
2004-08-01,2449063.8,0,0001
2004-09-01,2441612.8,0,0001
2004-10-01,2436083.2,0,0001
2004-11-01,2431820.2,0,0001
2004-12-01,2434239.2,0,0001
2005-01-01,2438953.2,0,0001
2005-02-01,2436920.8,0,0001
2005-03-01,2438769.0,0,0001
2005-04-01,2442358.5,0,0001
2005-05-01,2448661.8,0,0001
2005-06-01,2456350.2,0,0001
2005-07-01,2456077.0,0,0001
2005-08-01,2450101.0,0,0001
2005-09-01,2442925.8,0,0001
2005-10-01,2435957.8,0,0001
2005-11-01,2436004.2,0,0001
2005-12-01,2441320.8,0,0001
2006-01-01,2440793.0,0,0001
2006-02-01,2440078.5,0,0001
2006-03-01,2440505.8,0,0001
2006-04-01,2441245.0,0,0001
2006-05-01,2443238.8,0,0001
2006-06-01,2451679.2,0,0001
2006-07-01,2454629.8,0,0001
2006-08-01,2453372.8,0,0001
2006-09-01,2442151.5,0,0001
2006-10-01,2434877.0,0,0001
2006-11-01,2431084.2,0,0001
2006-12-01,2430470.5,0,0001
2007-01-01,2437583.2,0,0001
2007-02-01,2439609.2,0,0001
2007-03-01,2437501.8,0,0001
2007-04-01,2440366.0,0,0001
2007-05-01,2447167.5,0,0001
2007-06-01,2456901.8,0,0001
2007-07-01,2460868.0,0,0001
2007-08-01,2452660.8,0,0001
2007-09-01,2442259.2,0,0001
2007-10-01,2435720.0,0,0001
2007-11-01,2433681.8,0,0001
2007-12-01,2432041.2,0,0001
2008-01-01,2431914.5,0,0001
2008-02-01,2434831.0,0,0001
2008-03-01,2436583.2,0,0001
2008-04-01,2441962.8,0,0001
2008-05-01,2445787.0,0,0001
2008-06-01,2450070.2,0,0001
2008-07-01,2454603.0,0,0001
2008-08-01,2448703.8,0,0001
2008-09-01,2442086.8,0,0001
2008-10-01,2429281.5,0,0001
2008-11-01,2429780.2,0,0001
2008-12-01,2432604.5,0,0001
2009-01-01,2436216.8,0,0001
2009-02-01,2441897.8,0,0001
2009-03-01,2438100.5,0,0001
2009-04-01,2436995.8,0,0001
2009-05-01,2446592.0,0,0001
2009-06-01,2453806.0,0,0001
2009-07-01,2460869.5,0,0001
2009-08-01,2452375.2,0,0001
2009-09-01,2443310.0,0,0001
2009-10-01,2437314.5,0,0001
2009-11-01,2437142.2,0,0001
2009-12-01,2440561.0,0,0001
2010-01-01,2442747.5,0,0001
2010-02-01,2449642.0,0,0001
2010-03-01,2443422.2,0,0001
2010-04-01,2442385.2,0,0001
2010-05-01,2450784.2,0,0001
2010-06-01,2453635.5,0,0001
2010-07-01,2453932.5,0,0001
2010-08-01,2453823.2,0,0001
2010-09-01,2446778.2,0,0001
2010-10-01,2436408.5,0,0001
2010-11-01,2430303.0,0,0001
2010-12-01,2437964.8,0,0001
2011-01-01,2438537.8,0,0001
2011-02-01,2434370.8,0,0001
2011-03-01,2431499.8,0,0001
2011-04-01,2439275.5,0,0001
2011-05-01,2446689.0,0,0001
2011-06-01,2456021.5,0,0001
2011-07-01,2461170.0,0,0001
2011-08-01,2456779.5,0,0001
2011-09-01,2442923.2,0,0001
2011-10-01,2431888.2,0,0001
2011-11-01,2430476.5,0,0001
2011-12-01,2429360.5,0,0001
2012-01-01,2434867.5,0,0001
2012-02-01,2436825.8,0,0001
2012-03-01,2437249.0,0,0001
2012-04-01,2442130.5,0,0001
2012-05-01,2446845.8,0,0001
2012-06-01,2455268.5,0,0001
2012-07-01,2454261.0,0,0001
2012-08-01,2451168.2,0,0001
2012-09-01,2444029.0,0,0001
2012-10-01,2439557.5,0,0001
2012-11-01,2438075.5,0,0001
2012-12-01,2441454.2,0,0001
2013-01-01,2447627.0,0,0001
2013-02-01,2438887.8,0,0001
2013-03-01,2440149.0,0,0001
2013-04-01,2438721.5,0,0001
2013-05-01,2444683.5,0,0001
2013-06-01,2454538.5,0,0001
2013-07-01,2455736.8,0,0001
2013-08-01,2453528.8,0,0001
2013-09-01,2448866.5,0,0001
2013-10-01,2437016.5,0,0001
2013-11-01,2431324.2,0,0001
2013-12-01,2437550.5,0,0001
2014-01-01,2441248.0,0,0001
2014-02-01,2439975.8,0,0001
2014-03-01,2436650.8,0,0001
2014-04-01,2439330.2,0,0001
2014-05-01,2449542.2,0,0001
2014-06-01,2454419.8,0,0001
2014-07-01,2456333.5,0,0001
2014-08-01,2452844.2,0,0001
2014-09-01,2444320.8,0,0001
2014-10-01,2438096.2,0,0001
2014-11-01,2434803.8,0,0001
2014-12-01,2435368.0,0,0001
2015-01-01,2439404.8,0,0001
2015-02-01,2435119.0,0,0001
2015-03-01,2434482.5,0,0001
2015-04-01,2440189.8,0,0001
2015-05-01,2447890.5,0,0001
2015-06-01,2454770.2,0,0001
2015-07-01,2456795.5,0,0001
2015-08-01,2452440.8,0,0001
2015-09-01,2441371.2,0,0001
2015-10-01,2436209.0,0,0001
2015-11-01,2429447.5,0,0001
2015-12-01,2433243.0,0,0001
2016-01-01,2440507.2,0,0001
2016-02-01,2443823.5,0,0001
2016-03-01,2443065.8,0,0001
2016-04-01,2447628.2,0,0001
2016-05-01,2451973.2,0,0001
2016-06-01,2452268.5,0,0001
2016-07-01,2458410.2,0,0001
2016-08-01,2455476.8,0,0001
2016-09-01,2445231.8,0,0001
2016-10-01,2442069.8,0,0001
2016-11-01,2443658.2,0,0001
2016-12-01,2439739.0,0,0001
2017-01-01,2440197.8,0,0001
2017-02-01,2442297.0,0,0001
2017-03-01,2438596.2,0,0001
2017-04-01,2442699.5,0,0001
2017-05-01,2449352.2,0,0001
2017-06-01,2451731.5,0,0001
2017-07-01,2454293.8,0,0001
2017-08-01,2452925.0,0,0001
2017-09-01,2446565.5,0,0001
2017-10-01,2443155.2,0,0001
2017-11-01,2439063.8,0,0001
2017-12-01,2441404.0,0,0001
2018-01-01,2440799.2,0,0001
2018-02-01,2442246.2,0,0001
2018-03-01,2441676.8,0,0001
2018-04-01,2443669.5,0,0001
2018-05-01,2447352.5,0,0001
2018-06-01,2455665.8,0,0001
2018-07-01,2456692.2,0,0001
2018-08-01,2454017.2,0,0001
2018-09-01,2442189.8,0,0001
2018-10-01,2436412.0,0,0001
2018-11-01,2434278.2,0,0001
2018-12-01,2437184.0,0,0001
2019-01-01,2442698.5,0,0001
2019-02-01,2441136.5,0,0001
2019-03-01,2436562.8,0,0001
2019-04-01,2443274.5,0,0001
2019-05-01,2452996.0,0,0001
2019-06-01,2456938.0,0,0001
2019-07-01,2461918.2,0,0001
2019-08-01,2457205.8,0,0001
2019-09-01,2450420.5,0,0001
2019-10-01,2442010.0,0,0001
2019-11-01,2442547.0,0,0001
2019-12-01,2444227.5,0,0001
2020-01-01,2440466.5,0,0001
2020-02-01,2439421.5,0,0001
2020-03-01,2432793.0,0,0001
2020-04-01,2441503.0,0,0001
2020-05-01,2452272.2,0,0001
2020-06-01,2456822.8,0,0001
2020-07-01,2463191.2,0,0001
2020-08-01,2457193.0,0,0001
2020-09-01,2446388.8,0,0001
2020-10-01,2437611.5,0,0001
2020-11-01,2431127.5,0,0001
2020-12-01,2435768.8,0,0001
2021-01-01,2443633.5,0,0001
2021-02-01,2442445.0,0,0001
2021-03-01,2435874.2,0,0001
2021-04-01,2438395.0,0,0001
2021-05-01,2448144.8,0,0001
2021-06-01,2452217.5,0,0001
2021-07-01,2458356.8,0,0001
2021-08-01,2453644.8,0,0001
2021-09-01,2444585.2,0,0001
2021-10-01,2437708.5,0,0001
2021-11-01,2430257.2,0,0001
2021-12-01,2434873.0,0,0001
2022-01-01,2437027.8,0,0001
2022-02-01,2436315.2,0,0001
2022-03-01,2439575.8,0,0001
2022-04-01,2444963.0,0,0001
2022-05-01,2447423.5,0,0001
2022-06-01,2456613.0,0,0001
2022-07-01,2459191.0,0,0001
2022-08-01,2454455.5,0,0001
2022-09-01,2444868.0,0,0001
2022-10-01,2435109.5,0,0001
2022-11-01,2430380.0,0,0001
2022-12-01,2436110.2,0,0001
2023-01-01,2435892.5,0,0001
2023-02-01,2438866.0,0,0001
2023-03-01,2439945.5,0,0001
2023-04-01,2444762.0,0,0001
2023-05-01,2446078.5,0,0001
2023-06-01,2457749.5,0,0001
2023-07-01,2462253.0,0,0001
2023-08-01,2458452.2,0,0001
2023-09-01,2451825.8,0,0001
2023-10-01,2441448.5,0,0001
2023-11-01,2437033.5,0,0001
2023-12-01,2439942.5,0,0001
2024-01-01,2444200.8,0,0001
2024-02-01,2444802.5,0,0001
2024-03-01,2447604.5,0,0001
2024-04-01,2447184.2,0,0001
2024-05-01,2454119.8,0,0001
2024-06-01,2462123.0,0,0001
2024-07-01,2465275.8,0,0001
2024-08-01,2462391.2,0,0001
2024-09-01,2452121.0,0,0001
2024-10-01,2444613.0,0,0001
2024-11-01,2436501.0,0,0001
2024-12-01,2440784.5,0,0001
2025-01-01,2441135.2,0,0001
2025-02-01,2443902.0,0,0001
2025-03-01,2442972.5,0,0001
2025-04-01,2446834.5,0,0001
2025-05-01,2450802.2,0,0001
2025-06-01,2457820.5,0,0001
2025-07-01,2458440.2,0,0001
2025-08-01,2457427.2,0,0001
2025-09-01,2450311.0,0,0001
2025-10-01,2443214.0,0,0001
2025-11-01,2441462.0,0,0001
2025-12-01,2442889.8,0,0001
2026-01-01,2444946.0,0,0001
2026-02-01,2444052.8,0,0001
2026-03-01,2442710.8,0,0005
2026-04-01,2446368.2,0,0005
